{
  "image_size": [
    772,
    772
  ],
  "coords_norm": {
    "top": [
      0.4951923076923077,
      0.002403846153846154
    ],
    "left": [
      0.001201923076923077,
      0.5048076923076923
    ],
    "right": [
      0.9951923076923077,
      0.5072115384615384
    ],
    "bottom": [
      0.49759615384615385,
      0.9963942307692307
    ],
    "center": [
      0.4963942307692308,
      0.5012019230769231
    ]
  },
  "annotator": "unknown",
  "timestamp": "2025-12-04T10:03:46.000946+00:00"
}