{
  "PATEK_nab_028_01": {
    "image_size": [
      427,
      642
    ],
    "coords_norm": {
      "top": [
        0.5269320843091335,
        0.24766355140186916
      ],
      "left": [
        0.3372365339578454,
        0.45794392523364486
      ],
      "right": [
        0.8360655737704918,
        0.40965732087227413
      ],
      "bottom": [
        0.6416861826697893,
        0.6137071651090342
      ],
      "center": [
        0.585480093676815,
        0.43146417445482865
      ]
    },
    "original_image_size": [
      800,
      800
    ],
    "crop_bbox": [
      176,
      81,
      603,
      723
    ],
    "full_image_name": "PATEK_nab_028_01_tiltface_q2"
  },
  "PATEK_nab_028_04": {
    "image_size": [
      653,
      400
    ],
    "coords_norm": {
      "top": [
        0.32006125574272587,
        0.5125
      ],
      "left": [
        0.5053598774885145,
        0.8075
      ],
      "right": [
        0.5053598774885145,
        0.2025
      ],
      "bottom": [
        0.6921898928024502,
        0.5074999999999998
      ],
      "center": [
        0.5038284839203675,
        0.5074999999999998
      ]
    },
    "original_image_size": [
      800,
      800
    ],
    "crop_bbox": [
      77,
      261,
      730,
      661
    ],
    "full_image_name": "PATEK_nab_028_04_face_q3"
  },
  "PATEK_nab_028_05": {
    "image_size": [
      390,
      624
    ],
    "coords_norm": {
      "top": [
        0.49230769230769234,
        0.2532051282051282
      ],
      "left": [
        0.19230769230769232,
        0.4439102564102564
      ],
      "right": [
        0.7974358974358975,
        0.4423076923076923
      ],
      "bottom": [
        0.5,
        0.6298076923076922
      ],
      "center": [
        0.4948717948717949,
        0.4423076923076923
      ]
    },
    "original_image_size": [
      800,
      800
    ],
    "crop_bbox": [
      201,
      46,
      591,
      670
    ],
    "full_image_name": "PATEK_nab_028_05_face_q3"
  }
}