{
  "PATEK_nab_016_03": {
    "image_size": [
      1054,
      1411
    ],
    "coords_norm": {
      "top": [
        0.49146110056925996,
        0.18143160878809356
      ],
      "left": [
        0.1802656546489564,
        0.4160170092133239
      ],
      "right": [
        0.801707779886148,
        0.4160170092133239
      ],
      "bottom": [
        0.49146110056925996,
        0.6449326718639262
      ],
      "center": [
        0.49146110056925996,
        0.4160170092133239
      ]
    },
    "original_image_size": [
      1481,
      1481
    ],
    "crop_bbox": [
      201,
      0,
      1255,
      1411
    ],
    "full_image_name": "PATEK_nab_016_03_face_q3"
  },
  "PATEK_nab_016_11": {
    "image_size": [
      1205,
      1442
    ],
    "coords_norm": {
      "top": [
        0.31618257261410787,
        0.1823855755894591
      ],
      "left": [
        0.12697095435684644,
        0.38488210818307905
      ],
      "right": [
        0.4323651452282158,
        0.4091539528432732
      ],
      "bottom": [
        0.23734439834024895,
        0.6081830790568654
      ],
      "center": [
        0.27468879668049795,
        0.39875173370319
      ]
    },
    "original_image_size": [
      1500,
      1500
    ],
    "crop_bbox": [
      77,
      0,
      1282,
      1442
    ],
    "full_image_name": "PATEK_nab_016_11_tiltface_q2"
  }
}