{
  "PATEK_nab_040_01": {
    "image_size": [
      1129,
      1522
    ],
    "coords_norm": {
      "top": [
        0.6448184233835252,
        0.28580814717477004
      ],
      "left": [
        0.27989371124889284,
        0.3567674113009198
      ],
      "right": [
        0.7422497785651019,
        0.5519053876478318
      ],
      "bottom": [
        0.37112488928255094,
        0.6241787122207622
      ],
      "center": [
        0.5075287865367583,
        0.4507227332457293
      ]
    },
    "original_image_size": [
      1920,
      2560
    ],
    "crop_bbox": [
      397,
      1038,
      1526,
      2560
    ],
    "full_image_name": "PATEK_nab_040_01_face_q3"
  },
  "PATEK_nab_040_02": {
    "image_size": [
      1684,
      1489
    ],
    "coords_norm": {
      "top": [
        0.6068883610451307,
        0.3539288112827401
      ],
      "left": [
        0.40498812351543945,
        0.3525856279382136
      ],
      "right": [
        0.6057007125890737,
        0.5768972464741438
      ],
      "bottom": [
        0.4085510688836104,
        0.5822699798522498
      ],
      "center": [
        0.5065320665083135,
        0.46474143720617866
      ]
    },
    "original_image_size": [
      2294,
      2560
    ],
    "crop_bbox": [
      377,
      0,
      2061,
      1489
    ],
    "full_image_name": "PATEK_nab_040_02_face_q2"
  },
  "PATEK_nab_040_04": {
    "image_size": [
      1306,
      1471
    ],
    "coords_norm": {
      "top": [
        0.3055130168453293,
        0.28552005438477224
      ],
      "left": [
        0.28254211332312407,
        0.5812372535690007
      ],
      "right": [
        0.6332312404287903,
        0.30115567641060503
      ],
      "bottom": [
        0.6156202143950995,
        0.5941536369816451
      ],
      "center": [
        0.45941807044410415,
        0.43779741672331746
      ]
    },
    "original_image_size": [
      1920,
      2560
    ],
    "crop_bbox": [
      180,
      1068,
      1486,
      2539
    ],
    "full_image_name": "PATEK_nab_040_04_face_q2"
  },
  "PATEK_nab_040_07": {
    "image_size": [
      1036,
      1380
    ],
    "coords_norm": {
      "top": [
        0.37065637065637064,
        0.3702898550724639
      ],
      "left": [
        0.29633204633204635,
        0.6094202898550727
      ],
      "right": [
        0.6911196911196911,
        0.4239130434782607
      ],
      "bottom": [
        0.6177606177606177,
        0.663768115942029
      ],
      "center": [
        0.4942084942084942,
        0.5152173913043478
      ]
    },
    "original_image_size": [
      2560,
      2535
    ],
    "crop_bbox": [
      761,
      1155,
      1797,
      2535
    ],
    "full_image_name": "PATEK_nab_040_07_face_q3"
  }
}