{
  "PATEK_nab_013_01": {
    "image_size": [
      1231,
      1500
    ],
    "coords_norm": {
      "top": [
        0.4768480909829407,
        0.23533333333333334
      ],
      "left": [
        0.15515840779853776,
        0.472
      ],
      "right": [
        0.7303005686433793,
        0.5053333333333333
      ],
      "bottom": [
        0.4151096669374492,
        0.7386666666666667
      ],
      "center": [
        0.44435418359057677,
        0.4886666666666667
      ]
    },
    "original_image_size": [
      1500,
      1500
    ],
    "crop_bbox": [
      134,
      0,
      1365,
      1500
    ],
    "full_image_name": "PATEK_nab_013_01_face_q3"
  },
  "PATEK_nab_013_02": {
    "image_size": [
      1249,
      1500
    ],
    "coords_norm": {
      "top": [
        0.4867894315452362,
        0.23866666666666667
      ],
      "left": [
        0.17934347477982385,
        0.4886666666666667
      ],
      "right": [
        0.7926341072858286,
        0.49533333333333335
      ],
      "bottom": [
        0.4811849479583667,
        0.7473333333333333
      ],
      "center": [
        0.4867894315452362,
        0.492
      ]
    },
    "original_image_size": [
      1500,
      1500
    ],
    "crop_bbox": [
      102,
      0,
      1351,
      1500
    ],
    "full_image_name": "PATEK_nab_013_02_face_q3"
  },
  "PATEK_nab_013_04": {
    "image_size": [
      1319,
      1500
    ],
    "coords_norm": {
      "top": [
        0.5307050796057619,
        0.24
      ],
      "left": [
        0.28430629264594387,
        0.502
      ],
      "right": [
        0.8180439727065959,
        0.48533333333333334
      ],
      "bottom": [
        0.5739196360879454,
        0.7453333333333333
      ],
      "center": [
        0.552691432903715,
        0.494
      ]
    },
    "original_image_size": [
      1500,
      1500
    ],
    "crop_bbox": [
      108,
      0,
      1427,
      1500
    ],
    "full_image_name": "PATEK_nab_013_04_face_q3"
  }
}