{
  "PATEK_nab_037_02": {
    "image_size": [
      1329,
      1149
    ],
    "coords_norm": {
      "top": [
        0.6772009029345373,
        0.31505657093124456
      ],
      "left": [
        0.3897667419112114,
        0.2654482158398607
      ],
      "right": [
        0.6343115124153499,
        0.660574412532637
      ],
      "bottom": [
        0.3401053423626787,
        0.6013925152306353
      ],
      "center": [
        0.510910458991723,
        0.4595300261096606
      ]
    },
    "original_image_size": [
      1920,
      2560
    ],
    "crop_bbox": [
      361,
      1276,
      1690,
      2425
    ],
    "full_image_name": "PATEK_nab_037_02_face_q3"
  },
  "PATEK_nab_037_03": {
    "image_size": [
      819,
      1288
    ],
    "coords_norm": {
      "top": [
        0.4908424908424908,
        0.26164596273291924
      ],
      "left": [
        0.18192918192918192,
        0.452639751552795
      ],
      "right": [
        0.8046398046398047,
        0.46040372670807456
      ],
      "bottom": [
        0.4884004884004884,
        0.656055900621118
      ],
      "center": [
        0.49572649572649574,
        0.45652173913043476
      ]
    },
    "original_image_size": [
      1920,
      2560
    ],
    "crop_bbox": [
      540,
      1272,
      1359,
      2560
    ],
    "full_image_name": "PATEK_nab_037_03_face_q3"
  },
  "PATEK_nab_037_04": {
    "image_size": [
      1400,
      895
    ],
    "coords_norm": {
      "top": [
        0.7071428571428572,
        0.44581005586592176
      ],
      "left": [
        0.5014285714285714,
        0.1664804469273743
      ],
      "right": [
        0.5164285714285715,
        0.7731843575418994
      ],
      "bottom": [
        0.3092857142857143,
        0.49050279329608937
      ],
      "center": [
        0.5092857142857142,
        0.4659217877094972
      ]
    },
    "original_image_size": [
      1920,
      2560
    ],
    "crop_bbox": [
      137,
      1311,
      1537,
      2206
    ],
    "full_image_name": "PATEK_nab_037_04_face_q3"
  },
  "PATEK_nab_037_05": {
    "image_size": [
      1731,
      2517
    ],
    "coords_norm": {
      "top": [
        0.49624494511842865,
        0.25307906237584427
      ],
      "left": [
        0.19179664933564414,
        0.4596742153357171
      ],
      "right": [
        0.80473714615829,
        0.4584823202224871
      ],
      "bottom": [
        0.49624494511842865,
        0.6686531585220501
      ],
      "center": [
        0.49624494511842865,
        0.4612634088200238
      ]
    },
    "original_image_size": [
      1920,
      2560
    ],
    "crop_bbox": [
      146,
      43,
      1877,
      2560
    ],
    "full_image_name": "PATEK_nab_037_05_face_q2"
  }
}