{
  "PATEK_nab_050_01": {
    "image_size": [
      2098,
      2560
    ],
    "coords_norm": {
      "top": [
        0.4871306005719733,
        0.18359375
      ],
      "left": [
        0.31839847473784555,
        0.453515625
      ],
      "right": [
        0.8274547187797903,
        0.35625
      ],
      "bottom": [
        0.6534795042897998,
        0.625390625
      ],
      "center": [
        0.5700667302192565,
        0.40234375
      ]
    },
    "original_image_size": [
      2560,
      2560
    ],
    "crop_bbox": [
      244,
      0,
      2342,
      2560
    ],
    "full_image_name": "PATEK_nab_050_01_tiltface_q3"
  },
  "PATEK_nab_050_02": {
    "image_size": [
      2560,
      2560
    ],
    "coords_norm": {
      "top": [
        0.609765625,
        0.07890625
      ],
      "left": [
        0.1,
        0.38515625
      ],
      "right": [
        0.81875,
        0.55234375
      ],
      "bottom": [
        0.309765625,
        0.8578125
      ],
      "center": [
        0.4578125,
        0.466015625
      ]
    },
    "original_image_size": [
      2560,
      2560
    ],
    "crop_bbox": [
      0,
      0,
      2560,
      2560
    ],
    "full_image_name": "PATEK_nab_050_02_tiltface_q3"
  },
  "PATEK_nab_050_04": {
    "image_size": [
      2264,
      2560
    ],
    "coords_norm": {
      "top": [
        0.4796819787985866,
        0.17421875
      ],
      "left": [
        0.16475265017667845,
        0.332421875
      ],
      "right": [
        0.5914310954063604,
        0.441796875
      ],
      "bottom": [
        0.2862190812720848,
        0.598828125
      ],
      "center": [
        0.38162544169611307,
        0.387109375
      ]
    },
    "original_image_size": [
      2560,
      2560
    ],
    "crop_bbox": [
      294,
      0,
      2558,
      2560
    ],
    "full_image_name": "PATEK_nab_050_04_tiltface_q3"
  },
  "PATEK_nab_050_07": {
    "image_size": [
      2495,
      2560
    ],
    "coords_norm": {
      "top": [
        0.49498997995991983,
        0.131640625
      ],
      "left": [
        0.18637274549098196,
        0.42890625
      ],
      "right": [
        0.8096192384769539,
        0.42890625
      ],
      "bottom": [
        0.4997995991983968,
        0.72265625
      ],
      "center": [
        0.4977955911823647,
        0.426171875
      ]
    },
    "original_image_size": [
      2560,
      2560
    ],
    "crop_bbox": [
      65,
      0,
      2560,
      2560
    ],
    "full_image_name": "PATEK_nab_050_07_face_q3"
  },
  "PATEK_nab_050_11": {
    "image_size": [
      1969,
      2560
    ],
    "coords_norm": {
      "top": [
        0.49162011173184356,
        0.1796875
      ],
      "left": [
        0.18689690198070086,
        0.40625
      ],
      "right": [
        0.7993905535804977,
        0.4078125
      ],
      "bottom": [
        0.4941594718131031,
        0.6390625
      ],
      "center": [
        0.49162011173184356,
        0.409765625
      ]
    },
    "original_image_size": [
      2560,
      2560
    ],
    "crop_bbox": [
      339,
      0,
      2308,
      2560
    ],
    "full_image_name": "PATEK_nab_050_11_face_q3"
  }
}