{
  "PATEK_nab_004_01": {
    "image_size": [
      1269,
      1788
    ],
    "coords_norm": {
      "top": [
        0.40425531914893614,
        0.2639821029082774
      ],
      "left": [
        0.14420803782505912,
        0.5453020134228188
      ],
      "right": [
        0.7494089834515366,
        0.44686800894854584
      ],
      "bottom": [
        0.49487785657998423,
        0.7242729306487695
      ],
      "center": [
        0.4499605988967691,
        0.4916107382550336
      ]
    },
    "original_image_size": [
      2560,
      1920
    ],
    "crop_bbox": [
      325,
      132,
      1594,
      1920
    ],
    "full_image_name": "PATEK_nab_004_01_tiltface_q3"
  },
  "PATEK_nab_004_02": {
    "image_size": [
      1114,
      1343
    ],
    "coords_norm": {
      "top": [
        0.4991023339317774,
        0.2137006701414743
      ],
      "left": [
        0.20825852782764812,
        0.4072970960536113
      ],
      "right": [
        0.7675044883303411,
        0.45197319434102756
      ],
      "bottom": [
        0.4622980251346499,
        0.6440804169769173
      ],
      "center": [
        0.4757630161579892,
        0.4199553239017126
      ]
    },
    "original_image_size": [
      2560,
      1920
    ],
    "crop_bbox": [
      1065,
      577,
      2179,
      1920
    ],
    "full_image_name": "PATEK_nab_004_02_face_q3"
  }
}