{
  "PATEK_nab_031_01": {
    "image_size": [
      1389,
      2163
    ],
    "coords_norm": {
      "top": [
        0.40748740100791936,
        0.3337956541840037
      ],
      "left": [
        0.30669546436285094,
        0.5122515025427646
      ],
      "right": [
        0.687544996400288,
        0.40221914008321774
      ],
      "bottom": [
        0.5860331173506119,
        0.5783633841886269
      ],
      "center": [
        0.49676025917926564,
        0.4558483587609801
      ]
    },
    "original_image_size": [
      1920,
      2560
    ],
    "crop_bbox": [
      315,
      0,
      1704,
      2163
    ],
    "full_image_name": "PATEK_nab_031_01_face_q3"
  },
  "PATEK_nab_031_02": {
    "image_size": [
      1034,
      1699
    ],
    "coords_norm": {
      "top": [
        0.4081237911025145,
        0.3402001177163037
      ],
      "left": [
        0.2379110251450677,
        0.5773984696880518
      ],
      "right": [
        0.7969052224371374,
        0.44791053560918187
      ],
      "bottom": [
        0.625725338491296,
        0.6851088875809299
      ],
      "center": [
        0.5183752417794971,
        0.5138316656856975
      ]
    },
    "original_image_size": [
      1920,
      2560
    ],
    "crop_bbox": [
      485,
      118,
      1519,
      1817
    ],
    "full_image_name": "PATEK_nab_031_02_face_q3"
  },
  "PATEK_nab_031_04": {
    "image_size": [
      1653,
      2393
    ],
    "coords_norm": {
      "top": [
        0.3799153055051422,
        0.2791475135812787
      ],
      "left": [
        0.23230490018148814,
        0.552444630171333
      ],
      "right": [
        0.764670296430732,
        0.39072294191391566
      ],
      "bottom": [
        0.6116152450090744,
        0.6560802340158797
      ],
      "center": [
        0.49727767695099817,
        0.4697033012954451
      ]
    },
    "original_image_size": [
      2419,
      2419
    ],
    "crop_bbox": [
      372,
      26,
      2025,
      2419
    ],
    "full_image_name": "PATEK_nab_031_04_face_q3"
  },
  "PATEK_nab_031_05": {
    "image_size": [
      1081,
      1717
    ],
    "coords_norm": {
      "top": [
        0.38667900092506946,
        0.32731508444962143
      ],
      "left": [
        0.2303422756706753,
        0.5725101921956901
      ],
      "right": [
        0.7715078630897317,
        0.4280722189866045
      ],
      "bottom": [
        0.6197964847363552,
        0.6709376820034945
      ],
      "center": [
        0.5050878815911193,
        0.5002912055911474
      ]
    },
    "original_image_size": [
      1920,
      2560
    ],
    "crop_bbox": [
      548,
      186,
      1629,
      1903
    ],
    "full_image_name": "PATEK_nab_031_05_face_q3"
  }
}