{
  "PATEK_nab_034_03": {
    "image_size": [
      1257,
      1707
    ],
    "coords_norm": {
      "top": [
        0.6133651551312649,
        0.29994141769185706
      ],
      "left": [
        0.25059665871121717,
        0.3866432337434095
      ],
      "right": [
        0.720763723150358,
        0.5641476274165202
      ],
      "bottom": [
        0.3707239459029435,
        0.6502636203866432
      ],
      "center": [
        0.48766905330151156,
        0.4780316344463972
      ]
    },
    "original_image_size": [
      2560,
      1707
    ],
    "crop_bbox": [
      641,
      0,
      1898,
      1707
    ],
    "full_image_name": "PATEK_nab_034_03_face_q3"
  },
  "PATEK_nab_034_07": {
    "image_size": [
      1800,
      2560
    ],
    "coords_norm": {
      "top": [
        0.49333333333333335,
        0.243359375
      ],
      "left": [
        0.18722222222222223,
        0.455078125
      ],
      "right": [
        0.7994444444444444,
        0.45859375
      ],
      "bottom": [
        0.4905555555555556,
        0.66953125
      ],
      "center": [
        0.4905555555555556,
        0.4578125
      ]
    },
    "original_image_size": [
      2559,
      2560
    ],
    "crop_bbox": [
      349,
      0,
      2149,
      2560
    ],
    "full_image_name": "PATEK_nab_034_07_face_q3"
  }
}