{
  "PATEK_nab_051_01": {
    "image_size": [
      1839,
      1969
    ],
    "coords_norm": {
      "top": [
        0.43501903208265363,
        0.3164042661249365
      ],
      "left": [
        0.3964110929853181,
        0.6246825799898426
      ],
      "right": [
        0.7520391517128875,
        0.36617572371762314
      ],
      "bottom": [
        0.7558455682436107,
        0.6724225495175216
      ],
      "center": [
        0.5867319195214791,
        0.4845099035043169
      ]
    },
    "original_image_size": [
      1920,
      2560
    ],
    "crop_bbox": [
      11,
      314,
      1850,
      2283
    ],
    "full_image_name": "PATEK_nab_051_01_face_q3"
  },
  "PATEK_nab_051_05": {
    "image_size": [
      1847,
      2483
    ],
    "coords_norm": {
      "top": [
        0.5506226312939903,
        0.22915827627869512
      ],
      "left": [
        0.458040064970222,
        0.5489327426500201
      ],
      "right": [
        0.8359501894964808,
        0.3709222714458317
      ],
      "bottom": [
        0.7899296155928532,
        0.6480064438179621
      ],
      "center": [
        0.6746074715755279,
        0.44703987112364074
      ]
    },
    "original_image_size": [
      1920,
      2560
    ],
    "crop_bbox": [
      0,
      0,
      1847,
      2483
    ],
    "full_image_name": "PATEK_nab_051_05_face_q2"
  },
  "PATEK_nab_051_07": {
    "image_size": [
      1595,
      2427
    ],
    "coords_norm": {
      "top": [
        0.4068965517241379,
        0.14297486608982282
      ],
      "left": [
        0.16739811912225705,
        0.3399258343634116
      ],
      "right": [
        0.7755485893416928,
        0.2735887927482489
      ],
      "bottom": [
        0.5862068965517241,
        0.4857849196538937
      ],
      "center": [
        0.4909090909090909,
        0.30325504738360115
      ]
    },
    "original_image_size": [
      1920,
      2560
    ],
    "crop_bbox": [
      0,
      133,
      1595,
      2560
    ],
    "full_image_name": "PATEK_nab_051_07_tiltface_q2"
  },
  "PATEK_nab_051_10": {
    "image_size": [
      1920,
      2467
    ],
    "coords_norm": {
      "top": [
        0.44427083333333334,
        0.15605999189298744
      ],
      "left": [
        0.06875,
        0.36197811106607214
      ],
      "right": [
        0.6567708333333333,
        0.5472233481961897
      ],
      "bottom": [
        0.21145833333333333,
        0.714227807053101
      ],
      "center": [
        0.3234375,
        0.441426834211593
      ]
    },
    "original_image_size": [
      1920,
      2560
    ],
    "crop_bbox": [
      0,
      0,
      1920,
      2467
    ],
    "full_image_name": "PATEK_nab_051_10_tiltface_q2"
  },
  "PATEK_nab_051_11": {
    "image_size": [
      1398,
      2241
    ],
    "coords_norm": {
      "top": [
        0.3605150214592275,
        0.2110664881749219
      ],
      "left": [
        0.24391988555078684,
        0.4033913431503793
      ],
      "right": [
        0.6909871244635193,
        0.2918340026773762
      ],
      "bottom": [
        0.5937052932761088,
        0.4868362338241856
      ],
      "center": [
        0.474964234620887,
        0.34582775546630967
      ]
    },
    "original_image_size": [
      1920,
      2560
    ],
    "crop_bbox": [
      248,
      319,
      1646,
      2560
    ],
    "full_image_name": "PATEK_nab_051_11_face_q2"
  },
  "PATEK_nab_051_12": {
    "image_size": [
      1920,
      2486
    ],
    "coords_norm": {
      "top": [
        0.596875,
        0.27634754625905067
      ],
      "left": [
        0.1796875,
        0.4082864038616251
      ],
      "right": [
        0.7859375,
        0.6271118262268705
      ],
      "bottom": [
        0.3015625,
        0.7662912308930008
      ],
      "center": [
        0.45625,
        0.5064360418342719
      ]
    },
    "original_image_size": [
      1920,
      2560
    ],
    "crop_bbox": [
      0,
      74,
      1920,
      2560
    ],
    "full_image_name": "PATEK_nab_051_12_face_q3"
  },
  "PATEK_nab_051_13": {
    "image_size": [
      1812,
      2549
    ],
    "coords_norm": {
      "top": [
        0.4470198675496689,
        0.35425657120439386
      ],
      "left": [
        0.1716335540838852,
        0.6171047469595919
      ],
      "right": [
        0.8134657836644592,
        0.5445272655943507
      ],
      "bottom": [
        0.5485651214128036,
        0.811690859160455
      ],
      "center": [
        0.49724061810154524,
        0.5790506080816006
      ]
    },
    "original_image_size": [
      1920,
      2560
    ],
    "crop_bbox": [
      60,
      11,
      1872,
      2560
    ],
    "full_image_name": "PATEK_nab_051_13_face_q3"
  },
  "PATEK_nab_051_15": {
    "image_size": [
      1893,
      2560
    ],
    "coords_norm": {
      "top": [
        0.422081352350766,
        0.220703125
      ],
      "left": [
        0.08663497094558902,
        0.46484375
      ],
      "right": [
        0.7538298996302166,
        0.490625
      ],
      "bottom": [
        0.35921817221341784,
        0.755078125
      ],
      "center": [
        0.39144215530903326,
        0.475
      ]
    },
    "original_image_size": [
      1920,
      2560
    ],
    "crop_bbox": [
      0,
      0,
      1893,
      2560
    ],
    "full_image_name": "PATEK_nab_051_15_face_q3"
  },
  "PATEK_nab_051_16": {
    "image_size": [
      1763,
      2429
    ],
    "coords_norm": {
      "top": [
        0.4378899602949518,
        0.24248662000823384
      ],
      "left": [
        0.2189449801474759,
        0.5084396871140388
      ],
      "right": [
        0.819058423142371,
        0.3919308357348703
      ],
      "bottom": [
        0.6693136698808848,
        0.6801152737752162
      ],
      "center": [
        0.5456608054452637,
        0.445450802799506
      ]
    },
    "original_image_size": [
      1920,
      2560
    ],
    "crop_bbox": [
      22,
      131,
      1785,
      2560
    ],
    "full_image_name": "PATEK_nab_051_16_face_q2"
  }
}