{
  "PATEK_nab_002_01": {
    "image_size": [
      593,
      800
    ],
    "coords_norm": {
      "top": [
        0.49072512647554806,
        0.2925
      ],
      "left": [
        0.1821247892074199,
        0.51875
      ],
      "right": [
        0.8010118043844857,
        0.52125
      ],
      "bottom": [
        0.4924114671163576,
        0.755
      ],
      "center": [
        0.4924114671163576,
        0.5225
      ]
    },
    "original_image_size": [
      800,
      800
    ],
    "crop_bbox": [
      127,
      0,
      720,
      800
    ],
    "full_image_name": "PATEK_nab_002_01_face_q3"
  },
  "PATEK_nab_002_03": {
    "image_size": [
      749,
      800
    ],
    "coords_norm": {
      "top": [
        0.5847797062750333,
        0.42
      ],
      "left": [
        0.6755674232309746,
        0.15125
      ],
      "right": [
        0.22830440587449938,
        0.3625
      ],
      "bottom": [
        0.31108144192256343,
        0.0975
      ],
      "center": [
        0.4485981308411215,
        0.2525
      ]
    },
    "original_image_size": [
      800,
      800
    ],
    "crop_bbox": [
      51,
      0,
      800,
      800
    ],
    "full_image_name": "PATEK_nab_002_03_tiltface_q2"
  },
  "PATEK_nab_002_04": {
    "image_size": [
      724,
      800
    ],
    "coords_norm": {
      "top": [
        0.4157458563535912,
        0.415
      ],
      "left": [
        0.7859116022099447,
        0.32875
      ],
      "right": [
        0.2983425414364641,
        0.16625
      ],
      "bottom": [
        0.669889502762431,
        0.08
      ],
      "center": [
        0.5414364640883979,
        0.24375
      ]
    },
    "original_image_size": [
      800,
      800
    ],
    "crop_bbox": [
      31,
      0,
      755,
      800
    ],
    "full_image_name": "PATEK_nab_002_04_tiltface_q2"
  },
  "PATEK_nab_002_05": {
    "image_size": [
      724,
      800
    ],
    "coords_norm": {
      "top": [
        0.6422651933701657,
        0.12375
      ],
      "left": [
        0.2596685082872928,
        0.2175
      ],
      "right": [
        0.761049723756906,
        0.40875
      ],
      "bottom": [
        0.3729281767955801,
        0.49875
      ],
      "center": [
        0.511049723756906,
        0.3075
      ]
    },
    "original_image_size": [
      800,
      800
    ],
    "crop_bbox": [
      10,
      0,
      734,
      800
    ],
    "full_image_name": "PATEK_nab_002_05_tiltface_q2"
  },
  "PATEK_nab_002_06": {
    "image_size": [
      714,
      800
    ],
    "coords_norm": {
      "top": [
        0.3473389355742297,
        0.105
      ],
      "left": [
        0.22969187675070027,
        0.38125
      ],
      "right": [
        0.7492997198879552,
        0.19625
      ],
      "bottom": [
        0.6218487394957983,
        0.4775
      ],
      "center": [
        0.48879551820728284,
        0.28375
      ]
    },
    "original_image_size": [
      800,
      800
    ],
    "crop_bbox": [
      86,
      0,
      800,
      800
    ],
    "full_image_name": "PATEK_nab_002_06_tiltface_q2"
  },
  "PATEK_nab_002_07": {
    "image_size": [
      783,
      800
    ],
    "coords_norm": {
      "top": [
        0.6730523627075351,
        0.31875
      ],
      "left": [
        0.3001277139208174,
        0.36125
      ],
      "right": [
        0.7075351213282248,
        0.69375
      ],
      "bottom": [
        0.33588761174968074,
        0.71875
      ],
      "center": [
        0.5057471264367817,
        0.52125
      ]
    },
    "original_image_size": [
      800,
      800
    ],
    "crop_bbox": [
      17,
      0,
      800,
      800
    ],
    "full_image_name": "PATEK_nab_002_07_face_q3"
  }
}