{
  "PATEK_nab_021_01": {
    "image_size": [
      800,
      800
    ],
    "coords_norm": {
      "top": [
        0.20875,
        0.2375
      ],
      "left": [
        0.22375,
        0.715
      ],
      "right": [
        0.74,
        0.24
      ],
      "bottom": [
        0.73875,
        0.7225
      ],
      "center": [
        0.47875,
        0.4775
      ]
    },
    "original_image_size": [
      800,
      800
    ],
    "crop_bbox": [
      0,
      0,
      800,
      800
    ],
    "full_image_name": "PATEK_nab_021_01_face_q3"
  },
  "PATEK_nab_021_07": {
    "image_size": [
      781,
      800
    ],
    "coords_norm": {
      "top": [
        0.17541613316261204,
        0.3225
      ],
      "left": [
        0.31370038412291934,
        0.80875
      ],
      "right": [
        0.5172855313700385,
        0.435
      ],
      "bottom": [
        0.6568501920614597,
        0.9025
      ],
      "center": [
        0.4186939820742638,
        0.61625
      ]
    },
    "original_image_size": [
      800,
      800
    ],
    "crop_bbox": [
      19,
      0,
      800,
      800
    ],
    "full_image_name": "PATEK_nab_021_07_tiltface_q2"
  },
  "PATEK_nab_021_13": {
    "image_size": [
      800,
      765
    ],
    "coords_norm": {
      "top": [
        0.2375,
        0.3869281045751634
      ],
      "left": [
        0.41375,
        0.6274509803921569
      ],
      "right": [
        0.47,
        0.1934640522875817
      ],
      "bottom": [
        0.6425,
        0.4366013071895425
      ],
      "center": [
        0.44375,
        0.4117647058823529
      ]
    },
    "original_image_size": [
      800,
      800
    ],
    "crop_bbox": [
      0,
      35,
      800,
      800
    ],
    "full_image_name": "PATEK_nab_021_13_face_q3"
  }
}