{
  "PATEK_nab_035_04": {
    "image_size": [
      1254,
      1882
    ],
    "coords_norm": {
      "top": [
        0.45614035087719296,
        0.23219978746014877
      ],
      "left": [
        0.22328548644338117,
        0.44261424017003187
      ],
      "right": [
        0.7998405103668261,
        0.3926673751328374
      ],
      "bottom": [
        0.5909090909090909,
        0.620616365568544
      ],
      "center": [
        0.5183413078149919,
        0.4165781083953241
      ]
    },
    "original_image_size": [
      1920,
      2560
    ],
    "crop_bbox": [
      323,
      566,
      1577,
      2448
    ],
    "full_image_name": "PATEK_nab_035_04_face_q2"
  },
  "PATEK_nab_035_05": {
    "image_size": [
      1381,
      2032
    ],
    "coords_norm": {
      "top": [
        0.35626357711803036,
        0.35187007874015747
      ],
      "left": [
        0.20926864590876176,
        0.625
      ],
      "right": [
        0.7552498189717596,
        0.43946850393700787
      ],
      "bottom": [
        0.6683562635771181,
        0.7101377952755905
      ],
      "center": [
        0.498913830557567,
        0.5246062992125984
      ]
    },
    "original_image_size": [
      1920,
      2560
    ],
    "crop_bbox": [
      0,
      414,
      1381,
      2446
    ],
    "full_image_name": "PATEK_nab_035_05_face_q2"
  },
  "PATEK_nab_035_08": {
    "image_size": [
      1701,
      1182
    ],
    "coords_norm": {
      "top": [
        0.23633156966490299,
        0.4196277495769882
      ],
      "left": [
        0.3968253968253968,
        0.6235194585448393
      ],
      "right": [
        0.37389770723104054,
        0.18781725888324874
      ],
      "bottom": [
        0.5279247501469724,
        0.40186125211505924
      ],
      "center": [
        0.3844797178130511,
        0.4120135363790186
      ]
    },
    "original_image_size": [
      1920,
      2560
    ],
    "crop_bbox": [
      84,
      324,
      1785,
      1506
    ],
    "full_image_name": "PATEK_nab_035_08_face_q3"
  },
  "PATEK_nab_035_09": {
    "image_size": [
      1033,
      654
    ],
    "coords_norm": {
      "top": [
        0.2313649564375605,
        0.42201834862385323
      ],
      "left": [
        0.3697967086156825,
        0.6498470948012233
      ],
      "right": [
        0.3697967086156825,
        0.20030581039755352
      ],
      "bottom": [
        0.5033881897386253,
        0.43883792048929665
      ],
      "center": [
        0.3697967086156825,
        0.42813455657492355
      ]
    },
    "original_image_size": [
      1920,
      2560
    ],
    "crop_bbox": [
      230,
      322,
      1263,
      976
    ],
    "full_image_name": "PATEK_nab_035_09_face_q2"
  },
  "PATEK_nab_035_13": {
    "image_size": [
      1834,
      2560
    ],
    "coords_norm": {
      "top": [
        0.6603053435114504,
        0.265625
      ],
      "left": [
        0.42693565976008724,
        0.461328125
      ],
      "right": [
        0.8555070883315158,
        0.499609375
      ],
      "bottom": [
        0.6630316248636859,
        0.70625
      ],
      "center": [
        0.6619411123227917,
        0.48125
      ]
    },
    "original_image_size": [
      1920,
      2560
    ],
    "crop_bbox": [
      0,
      0,
      1834,
      2560
    ],
    "full_image_name": "PATEK_nab_035_13_tiltface_q2"
  },
  "PATEK_nab_035_14": {
    "image_size": [
      715,
      1003
    ],
    "coords_norm": {
      "top": [
        0.5048951048951049,
        0.30807577268195413
      ],
      "left": [
        0.213986013986014,
        0.5104685942173479
      ],
      "right": [
        0.7972027972027971,
        0.5244267198404786
      ],
      "bottom": [
        0.509090909090909,
        0.7278165503489531
      ],
      "center": [
        0.5048951048951049,
        0.5194416749750748
      ]
    },
    "original_image_size": [
      1920,
      2560
    ],
    "crop_bbox": [
      440,
      664,
      1155,
      1667
    ],
    "full_image_name": "PATEK_nab_035_14_face_q3"
  },
  "PATEK_nab_035_15": {
    "image_size": [
      1668,
      2074
    ],
    "coords_norm": {
      "top": [
        0.4952038369304556,
        0.2666345226615236
      ],
      "left": [
        0.19724220623501199,
        0.5067502410800385
      ],
      "right": [
        0.8081534772182254,
        0.5149469623915139
      ],
      "bottom": [
        0.4892086330935252,
        0.7540983606557377
      ],
      "center": [
        0.4940047961630695,
        0.5135004821600772
      ]
    },
    "original_image_size": [
      1920,
      2560
    ],
    "crop_bbox": [
      102,
      99,
      1770,
      2173
    ],
    "full_image_name": "PATEK_nab_035_15_face_q3"
  }
}