{
  "PATEK_nab_065_04": {
    "image_size": [
      1268,
      1525
    ],
    "coords_norm": {
      "top": [
        0.48974763406940064,
        0.2360655737704918
      ],
      "left": [
        0.19085173501577288,
        0.49245901639344264
      ],
      "right": [
        0.8004731861198738,
        0.48327868852459016
      ],
      "bottom": [
        0.500788643533123,
        0.7383606557377049
      ],
      "center": [
        0.4944794952681388,
        0.48721311475409834
      ]
    },
    "annotator": "unknown",
    "timestamp": "2025-12-07T12:47:55.315047+00:00"
  }
}