{
  "PATEK_nab_042_02": {
    "image_size": [
      698,
      590
    ],
    "coords_norm": {
      "top": [
        0.19484240687679083,
        0.43728813559322033
      ],
      "left": [
        0.4054441260744986,
        0.7
      ],
      "right": [
        0.42263610315186245,
        0.1711864406779661
      ],
      "bottom": [
        0.6404011461318052,
        0.4186440677966102
      ],
      "center": [
        0.41117478510028654,
        0.4271186440677966
      ]
    },
    "original_image_size": [
      1152,
      1152
    ],
    "crop_bbox": [
      349,
      392,
      1047,
      982
    ],
    "full_image_name": "PATEK_nab_042_02_face_q2"
  },
  "PATEK_nab_042_03": {
    "image_size": [
      489,
      687
    ],
    "coords_norm": {
      "top": [
        0.4948875255623722,
        0.29985443959243085
      ],
      "left": [
        0.19222903885480572,
        0.5152838427947598
      ],
      "right": [
        0.8016359918200409,
        0.5181950509461426
      ],
      "bottom": [
        0.4887525562372188,
        0.735080058224163
      ],
      "center": [
        0.49897750511247446,
        0.5167394468704513
      ]
    },
    "original_image_size": [
      1154,
      1154
    ],
    "crop_bbox": [
      315,
      227,
      804,
      914
    ],
    "full_image_name": "PATEK_nab_042_03_face_q2"
  },
  "PATEK_nab_042_04": {
    "image_size": [
      928,
      954
    ],
    "coords_norm": {
      "top": [
        0.7025862068965517,
        0.36268343815513626
      ],
      "left": [
        0.3588362068965517,
        0.3448637316561845
      ],
      "right": [
        0.6831896551724138,
        0.6949685534591196
      ],
      "bottom": [
        0.3415948275862069,
        0.6781970649895177
      ],
      "center": [
        0.5204741379310345,
        0.5178197064989518
      ]
    },
    "original_image_size": [
      1154,
      1154
    ],
    "crop_bbox": [
      83,
      89,
      1011,
      1043
    ],
    "full_image_name": "PATEK_nab_042_04_face_q3"
  },
  "PATEK_nab_042_06": {
    "image_size": [
      405,
      587
    ],
    "coords_norm": {
      "top": [
        0.5753086419753086,
        0.3100511073253833
      ],
      "left": [
        0.18271604938271604,
        0.454855195911414
      ],
      "right": [
        0.7876543209876543,
        0.5843270868824532
      ],
      "bottom": [
        0.3925925925925926,
        0.727427597955707
      ],
      "center": [
        0.4839506172839506,
        0.5195911413969335
      ]
    },
    "original_image_size": [
      1170,
      1170
    ],
    "crop_bbox": [
      400,
      276,
      805,
      863
    ],
    "full_image_name": "PATEK_nab_042_06_face_q2"
  },
  "PATEK_nab_042_07": {
    "image_size": [
      633,
      706
    ],
    "coords_norm": {
      "top": [
        0.36018957345971564,
        0.35410764872521244
      ],
      "left": [
        0.32385466034755134,
        0.6543909348441926
      ],
      "right": [
        0.693522906793049,
        0.38526912181303113
      ],
      "bottom": [
        0.6587677725118484,
        0.6827195467422096
      ],
      "center": [
        0.5086887835703001,
        0.5169971671388102
      ]
    },
    "original_image_size": [
      1020,
      1021
    ],
    "crop_bbox": [
      100,
      183,
      733,
      889
    ],
    "full_image_name": "PATEK_nab_042_07_face_q2"
  },
  "PATEK_nab_042_09": {
    "image_size": [
      830,
      549
    ],
    "coords_norm": {
      "top": [
        0.3746987951807229,
        0.4663023679417122
      ],
      "left": [
        0.5602409638554217,
        0.17304189435336975
      ],
      "right": [
        0.6132530120481928,
        0.7704918032786885
      ],
      "bottom": [
        0.7795180722891566,
        0.4644808743169399
      ],
      "center": [
        0.5867469879518072,
        0.4644808743169399
      ]
    },
    "original_image_size": [
      1170,
      1170
    ],
    "crop_bbox": [
      0,
      453,
      830,
      1002
    ],
    "full_image_name": "PATEK_nab_042_09_tiltface_q2"
  },
  "PATEK_nab_042_10": {
    "image_size": [
      342,
      373
    ],
    "coords_norm": {
      "top": [
        0.5029239766081871,
        0.30563002680965146
      ],
      "left": [
        0.2046783625730994,
        0.5844504021447721
      ],
      "right": [
        0.8040935672514623,
        0.579088471849866
      ],
      "bottom": [
        0.5029239766081871,
        0.8632707774798928
      ],
      "center": [
        0.5029239766081871,
        0.579088471849866
      ]
    },
    "original_image_size": [
      1170,
      1170
    ],
    "crop_bbox": [
      439,
      441,
      781,
      814
    ],
    "full_image_name": "PATEK_nab_042_10_face_q2"
  }
}