{
  "PATEK_nab_018_01": {
    "image_size": [
      1920,
      2560
    ],
    "coords_norm": {
      "top": [
        0.5015625,
        0.160546875
      ],
      "left": [
        0.17291666666666666,
        0.409375
      ],
      "right": [
        0.8338541666666667,
        0.407421875
      ],
      "bottom": [
        0.503125,
        0.65
      ],
      "center": [
        0.5,
        0.40625
      ]
    },
    "original_image_size": [
      1920,
      2560
    ],
    "crop_bbox": [
      0,
      0,
      1920,
      2560
    ],
    "full_image_name": "PATEK_nab_018_01_face_q3"
  },
  "PATEK_nab_018_02": {
    "image_size": [
      1242,
      2120
    ],
    "coords_norm": {
      "top": [
        0.4855072463768116,
        0.280188679245283
      ],
      "left": [
        0.17632850241545894,
        0.46367924528301885
      ],
      "right": [
        0.8067632850241546,
        0.45849056603773586
      ],
      "bottom": [
        0.5,
        0.6433962264150943
      ],
      "center": [
        0.49355877616747185,
        0.46084905660377357
      ]
    },
    "original_image_size": [
      1920,
      2560
    ],
    "crop_bbox": [
      329,
      122,
      1571,
      2242
    ],
    "full_image_name": "PATEK_nab_018_02_face_q3"
  },
  "PATEK_nab_018_03": {
    "image_size": [
      1748,
      2560
    ],
    "coords_norm": {
      "top": [
        0.4891304347826087,
        0.222265625
      ],
      "left": [
        0.17391304347826086,
        0.433984375
      ],
      "right": [
        0.8072082379862701,
        0.433984375
      ],
      "bottom": [
        0.4925629290617849,
        0.64453125
      ],
      "center": [
        0.4902745995423341,
        0.4328125
      ]
    },
    "original_image_size": [
      2559,
      2560
    ],
    "crop_bbox": [
      369,
      0,
      2117,
      2560
    ],
    "full_image_name": "PATEK_nab_018_03_face_q3"
  },
  "PATEK_nab_018_04": {
    "image_size": [
      1920,
      2552
    ],
    "coords_norm": {
      "top": [
        0.5489583333333333,
        0.2731191222570533
      ],
      "left": [
        0.1421875,
        0.4952978056426332
      ],
      "right": [
        0.8307291666666666,
        0.5822884012539185
      ],
      "bottom": [
        0.3963541666666667,
        0.8130877742946708
      ],
      "center": [
        0.47239583333333335,
        0.5364420062695925
      ]
    },
    "original_image_size": [
      1920,
      2560
    ],
    "crop_bbox": [
      0,
      8,
      1920,
      2560
    ],
    "full_image_name": "PATEK_nab_018_04_face_q3"
  },
  "PATEK_nab_018_05": {
    "image_size": [
      1920,
      2560
    ],
    "coords_norm": {
      "top": [
        0.4395833333333333,
        0.2
      ],
      "left": [
        0.14166666666666666,
        0.36796875
      ],
      "right": [
        0.5713541666666667,
        0.46484375
      ],
      "bottom": [
        0.25885416666666666,
        0.625390625
      ],
      "center": [
        0.34791666666666665,
        0.413671875
      ]
    },
    "original_image_size": [
      1920,
      2560
    ],
    "crop_bbox": [
      0,
      0,
      1920,
      2560
    ],
    "full_image_name": "PATEK_nab_018_05_tiltface_q3"
  },
  "PATEK_nab_018_16": {
    "image_size": [
      1496,
      2076
    ],
    "coords_norm": {
      "top": [
        0.4425133689839572,
        0.2832369942196532
      ],
      "left": [
        0.32887700534759357,
        0.5438342967244701
      ],
      "right": [
        0.7987967914438503,
        0.3713872832369942
      ],
      "bottom": [
        0.679144385026738,
        0.6363198458574181
      ],
      "center": [
        0.5608288770053476,
        0.4576107899807322
      ]
    },
    "original_image_size": [
      2558,
      2560
    ],
    "crop_bbox": [
      337,
      0,
      1833,
      2076
    ],
    "full_image_name": "PATEK_nab_018_16_face_q3"
  }
}