{
  "PATEK_nab_043_02": {
    "image_size": [
      1840,
      1128
    ],
    "coords_norm": {
      "top": [
        0.25271739130434784,
        0.475177304964539
      ],
      "left": [
        0.41847826086956524,
        0.7863475177304965
      ],
      "right": [
        0.45706521739130435,
        0.18617021276595744
      ],
      "bottom": [
        0.6228260869565218,
        0.499113475177305
      ],
      "center": [
        0.4369565217391304,
        0.4849290780141844
      ]
    },
    "original_image_size": [
      1951,
      1951
    ],
    "crop_bbox": [
      111,
      400,
      1951,
      1528
    ],
    "full_image_name": "PATEK_nab_043_02_face_q2"
  },
  "PATEK_nab_043_03": {
    "image_size": [
      1718,
      1007
    ],
    "coords_norm": {
      "top": [
        0.4458672875436554,
        0.4985104270109235
      ],
      "left": [
        0.6367869615832363,
        0.785501489572989
      ],
      "right": [
        0.5739231664726426,
        0.1916583912611718
      ],
      "bottom": [
        0.7747380675203726,
        0.4826216484607746
      ],
      "center": [
        0.6076833527357393,
        0.4846077457795432
      ]
    },
    "original_image_size": [
      1906,
      1906
    ],
    "crop_bbox": [
      96,
      463,
      1814,
      1470
    ],
    "full_image_name": "PATEK_nab_043_03_tiltface_q3"
  },
  "PATEK_nab_043_04": {
    "image_size": [
      1261,
      1924
    ],
    "coords_norm": {
      "top": [
        0.4908802537668517,
        0.2910602910602911
      ],
      "left": [
        0.1887390959555908,
        0.487006237006237
      ],
      "right": [
        0.7993655828707376,
        0.487006237006237
      ],
      "bottom": [
        0.49246629659000796,
        0.681912681912682
      ],
      "center": [
        0.4908802537668517,
        0.48596673596673595
      ]
    },
    "original_image_size": [
      2215,
      2215
    ],
    "crop_bbox": [
      488,
      172,
      1749,
      2096
    ],
    "full_image_name": "PATEK_nab_043_04_face_q3"
  },
  "PATEK_nab_043_05": {
    "image_size": [
      1959,
      1155
    ],
    "coords_norm": {
      "top": [
        0.3144461459928535,
        0.5177489177489177
      ],
      "left": [
        0.4987238386932108,
        0.8173160173160173
      ],
      "right": [
        0.484430832057172,
        0.21298701298701297
      ],
      "bottom": [
        0.6722817764165391,
        0.509090909090909
      ],
      "center": [
        0.49310872894333846,
        0.5125541125541125
      ]
    },
    "original_image_size": [
      2057,
      2057
    ],
    "crop_bbox": [
      68,
      449,
      2027,
      1604
    ],
    "full_image_name": "PATEK_nab_043_05_face_q3"
  },
  "PATEK_nab_043_06": {
    "image_size": [
      1882,
      1882
    ],
    "coords_norm": {
      "top": [
        0.4808714133900106,
        0.17268862911795962
      ],
      "left": [
        0.14771519659936239,
        0.5090329436769394
      ],
      "right": [
        0.8214665249734325,
        0.5090329436769394
      ],
      "bottom": [
        0.4808714133900106,
        0.8506907545164718
      ],
      "center": [
        0.4814027630180659,
        0.5106269925611052
      ]
    },
    "original_image_size": [
      1882,
      1882
    ],
    "crop_bbox": [
      0,
      0,
      1882,
      1882
    ],
    "full_image_name": "PATEK_nab_043_06_face_q3"
  },
  "PATEK_nab_043_07": {
    "image_size": [
      1226,
      1925
    ],
    "coords_norm": {
      "top": [
        0.4926590538336052,
        0.29038961038961036
      ],
      "left": [
        0.23164763458401305,
        0.49246753246753244
      ],
      "right": [
        0.8181076672104405,
        0.4763636363636364
      ],
      "bottom": [
        0.5619902120717781,
        0.6748051948051949
      ],
      "center": [
        0.5244698205546493,
        0.48363636363636364
      ]
    },
    "original_image_size": [
      2272,
      2272
    ],
    "crop_bbox": [
      575,
      190,
      1801,
      2115
    ],
    "full_image_name": "PATEK_nab_043_07_face_q3"
  },
  "PATEK_nab_043_09": {
    "image_size": [
      1132,
      1756
    ],
    "coords_norm": {
      "top": [
        0.4363957597173145,
        0.29157175398633256
      ],
      "left": [
        0.14487632508833923,
        0.47209567198177677
      ],
      "right": [
        0.622791519434629,
        0.48690205011389526
      ],
      "bottom": [
        0.3330388692579505,
        0.6674259681093394
      ],
      "center": [
        0.3833922261484099,
        0.4806378132118451
      ]
    },
    "original_image_size": [
      2005,
      2005
    ],
    "crop_bbox": [
      450,
      151,
      1582,
      1907
    ],
    "full_image_name": "PATEK_nab_043_09_tiltface_q3"
  },
  "PATEK_nab_043_11": {
    "image_size": [
      2092,
      2158
    ],
    "coords_norm": {
      "top": [
        0.491395793499044,
        0.1835032437442076
      ],
      "left": [
        0.18307839388145317,
        0.4726598702502317
      ],
      "right": [
        0.7915869980879541,
        0.479610750695088
      ],
      "bottom": [
        0.4808795411089866,
        0.767840593141798
      ],
      "center": [
        0.48661567877629064,
        0.47451343836886006
      ]
    },
    "original_image_size": [
      2158,
      2158
    ],
    "crop_bbox": [
      21,
      0,
      2113,
      2158
    ],
    "full_image_name": "PATEK_nab_043_11_face_q3"
  },
  "PATEK_nab_043_12": {
    "image_size": [
      1566,
      2148
    ],
    "coords_norm": {
      "top": [
        0.33780332056194123,
        0.25
      ],
      "left": [
        0.14495530012771393,
        0.4371508379888268
      ],
      "right": [
        0.4240102171136654,
        0.4660148975791434
      ],
      "bottom": [
        0.20689655172413793,
        0.6578212290502793
      ],
      "center": [
        0.2841634738186462,
        0.45344506517690875
      ]
    },
    "original_image_size": [
      2148,
      2148
    ],
    "crop_bbox": [
      470,
      0,
      2036,
      2148
    ],
    "full_image_name": "PATEK_nab_043_12_tiltface_q1"
  }
}