{
  "PATEK_nab_047_01": {
    "image_size": [
      2058,
      1380
    ],
    "coords_norm": {
      "top": [
        0.29591836734693877,
        0.508695652173913
      ],
      "left": [
        0.5029154518950437,
        0.813768115942029
      ],
      "right": [
        0.5029154518950437,
        0.20144927536231885
      ],
      "bottom": [
        0.706511175898931,
        0.5101449275362319
      ],
      "center": [
        0.5019436345966958,
        0.508695652173913
      ]
    },
    "original_image_size": [
      2560,
      1920
    ],
    "crop_bbox": [
      207,
      254,
      2265,
      1634
    ],
    "full_image_name": "PATEK_nab_047_01_face_q3"
  },
  "PATEK_nab_047_04": {
    "image_size": [
      2135,
      1511
    ],
    "coords_norm": {
      "top": [
        0.6871194379391101,
        0.3613500992720053
      ],
      "left": [
        0.4159250585480094,
        0.2342819324950364
      ],
      "right": [
        0.5971896955503513,
        0.7412309728656519
      ],
      "bottom": [
        0.32833723653395785,
        0.6201191264063534
      ],
      "center": [
        0.507728337236534,
        0.4877564526803441
      ]
    },
    "original_image_size": [
      2506,
      1880
    ],
    "crop_bbox": [
      189,
      183,
      2324,
      1694
    ],
    "full_image_name": "PATEK_nab_047_04_face_q3"
  }
}