{
  "PATEK_nab_033_02": {
    "image_size": [
      505,
      833
    ],
    "coords_norm": {
      "top": [
        0.48316831683168315,
        0.25570228091236497
      ],
      "left": [
        0.18811881188118812,
        0.43937575030012005
      ],
      "right": [
        0.8118811881188119,
        0.43577430972388953
      ],
      "bottom": [
        0.5089108910891087,
        0.6062424969987995
      ],
      "center": [
        0.497029702970297,
        0.4345738295318127
      ]
    },
    "original_image_size": [
      1576,
      2100
    ],
    "crop_bbox": [
      655,
      218,
      1160,
      1051
    ],
    "full_image_name": "PATEK_nab_033_02_face_q2"
  },
  "PATEK_nab_033_04": {
    "image_size": [
      1385,
      2420
    ],
    "coords_norm": {
      "top": [
        0.4548736462093863,
        0.3413223140495868
      ],
      "left": [
        0.1407942238267148,
        0.5371900826446281
      ],
      "right": [
        0.7935018050541516,
        0.5231404958677686
      ],
      "bottom": [
        0.48953068592057764,
        0.7165289256198347
      ],
      "center": [
        0.4736462093862816,
        0.5289256198347108
      ]
    },
    "original_image_size": [
      1920,
      2560
    ],
    "crop_bbox": [
      0,
      140,
      1385,
      2560
    ],
    "full_image_name": "PATEK_nab_033_04_face_q2"
  },
  "PATEK_nab_033_06": {
    "image_size": [
      966,
      1943
    ],
    "coords_norm": {
      "top": [
        0.453416149068323,
        0.29336078229541945
      ],
      "left": [
        0.2567287784679089,
        0.4925373134328358
      ],
      "right": [
        0.8178053830227743,
        0.42305712815234175
      ],
      "bottom": [
        0.6283643892339544,
        0.6150283067421514
      ],
      "center": [
        0.5424430641821946,
        0.4570252187339166
      ]
    },
    "original_image_size": [
      1170,
      2532
    ],
    "crop_bbox": [
      0,
      270,
      966,
      2213
    ],
    "full_image_name": "PATEK_nab_033_06_face_q2"
  }
}