{
  "PATEK_nab_015_01": {
    "image_size": [
      773,
      838
    ],
    "coords_norm": {
      "top": [
        0.3958602846054334,
        0.24224343675417662
      ],
      "left": [
        0.3130659767141009,
        0.5047732696897373
      ],
      "right": [
        0.6869340232858991,
        0.3162291169451074
      ],
      "bottom": [
        0.6080206985769728,
        0.5763723150357996
      ],
      "center": [
        0.501940491591203,
        0.40692124105011934
      ]
    },
    "original_image_size": [
      900,
      900
    ],
    "crop_bbox": [
      70,
      51,
      843,
      889
    ],
    "full_image_name": "PATEK_nab_015_01_face_q3"
  },
  "PATEK_nab_015_04": {
    "image_size": [
      590,
      751
    ],
    "coords_norm": {
      "top": [
        0.4864406779661017,
        0.3062583222370173
      ],
      "left": [
        0.2135593220338983,
        0.5379494007989347
      ],
      "right": [
        0.7847457627118644,
        0.5193075898801598
      ],
      "bottom": [
        0.5118644067796612,
        0.7523302263648469
      ],
      "center": [
        0.49661016949152553,
        0.5339547270306259
      ]
    },
    "original_image_size": [
      900,
      900
    ],
    "crop_bbox": [
      163,
      46,
      753,
      797
    ],
    "full_image_name": "PATEK_nab_015_04_face_q3"
  }
}