{
  "PATEK_nab_048_02": {
    "image_size": [
      1847,
      2560
    ],
    "coords_norm": {
      "top": [
        0.4824038982133189,
        0.291796875
      ],
      "left": [
        0.16350839198700595,
        0.4515625
      ],
      "right": [
        0.6740660530590146,
        0.537890625
      ],
      "bottom": [
        0.35408770979967513,
        0.69453125
      ],
      "center": [
        0.41580942068218735,
        0.492578125
      ]
    },
    "original_image_size": [
      2560,
      2560
    ],
    "crop_bbox": [
      400,
      0,
      2247,
      2560
    ],
    "full_image_name": "PATEK_nab_048_02_tiltface_q3"
  },
  "PATEK_nab_048_03": {
    "image_size": [
      410,
      548
    ],
    "coords_norm": {
      "top": [
        0.4951219512195122,
        0.24635036496350365
      ],
      "left": [
        0.23414634146341465,
        0.4324817518248175
      ],
      "right": [
        0.7439024390243902,
        0.42883211678832117
      ],
      "bottom": [
        0.4902439024390244,
        0.593065693430657
      ],
      "center": [
        0.48292682926829267,
        0.4324817518248175
      ]
    },
    "original_image_size": [
      2560,
      2560
    ],
    "crop_bbox": [
      681,
      1380,
      1091,
      1928
    ],
    "full_image_name": "PATEK_nab_048_03_face_q2"
  },
  "PATEK_nab_048_05": {
    "image_size": [
      1704,
      2560
    ],
    "coords_norm": {
      "top": [
        0.49413145539906106,
        0.304296875
      ],
      "left": [
        0.18251173708920188,
        0.508984375
      ],
      "right": [
        0.8039906103286385,
        0.510546875
      ],
      "bottom": [
        0.49119718309859156,
        0.716015625
      ],
      "center": [
        0.49295774647887325,
        0.51171875
      ]
    },
    "original_image_size": [
      2560,
      2560
    ],
    "crop_bbox": [
      433,
      0,
      2137,
      2560
    ],
    "full_image_name": "PATEK_nab_048_05_face_q3"
  },
  "PATEK_nab_048_06": {
    "image_size": [
      1705,
      2560
    ],
    "coords_norm": {
      "top": [
        0.48211143695014663,
        0.2953125
      ],
      "left": [
        0.24868035190615836,
        0.536328125
      ],
      "right": [
        0.8263929618768329,
        0.466015625
      ],
      "bottom": [
        0.5912023460410557,
        0.704296875
      ],
      "center": [
        0.5366568914956011,
        0.498828125
      ]
    },
    "original_image_size": [
      2560,
      2560
    ],
    "crop_bbox": [
      448,
      0,
      2153,
      2560
    ],
    "full_image_name": "PATEK_nab_048_06_face_q3"
  }
}