{
  "PATEK_nab_049_05": {
    "image_size": [
      2000,
      1925
    ],
    "coords_norm": {
      "top": [
        0.7325,
        0.2638961038961039
      ],
      "left": [
        0.3915,
        0.19688311688311688
      ],
      "right": [
        0.649,
        0.5792207792207792
      ],
      "bottom": [
        0.316,
        0.5153246753246753
      ],
      "center": [
        0.5205,
        0.38961038961038963
      ]
    },
    "original_image_size": [
      2000,
      2000
    ],
    "crop_bbox": [
      0,
      75,
      2000,
      2000
    ],
    "full_image_name": "PATEK_nab_049_05_tiltface_q3"
  },
  "PATEK_nab_049_06": {
    "image_size": [
      1513,
      2000
    ],
    "coords_norm": {
      "top": [
        0.4930601454064772,
        0.1845
      ],
      "left": [
        0.18374091209517515,
        0.4115
      ],
      "right": [
        0.7970918704560476,
        0.4125
      ],
      "bottom": [
        0.4917382683410443,
        0.629
      ],
      "center": [
        0.4904163912756114,
        0.409
      ]
    },
    "original_image_size": [
      2000,
      2000
    ],
    "crop_bbox": [
      292,
      0,
      1805,
      2000
    ],
    "full_image_name": "PATEK_nab_049_06_face_q3"
  }
}