{
  "PATEK_nab_036_05": {
    "image_size": [
      1372,
      2000
    ],
    "coords_norm": {
      "top": [
        0.4912536443148688,
        0.217
      ],
      "left": [
        0.18294460641399418,
        0.4215
      ],
      "right": [
        0.7988338192419825,
        0.425
      ],
      "bottom": [
        0.4912536443148688,
        0.619
      ],
      "center": [
        0.49271137026239065,
        0.4205
      ]
    },
    "original_image_size": [
      2000,
      2000
    ],
    "crop_bbox": [
      396,
      0,
      1768,
      2000
    ],
    "full_image_name": "PATEK_nab_036_05_face_q3"
  },
  "PATEK_nab_036_06": {
    "image_size": [
      2000,
      1942
    ],
    "coords_norm": {
      "top": [
        0.719,
        0.26776519052523173
      ],
      "left": [
        0.3795,
        0.20648815653964986
      ],
      "right": [
        0.6525,
        0.557157569515963
      ],
      "bottom": [
        0.337,
        0.5046343975283213
      ],
      "center": [
        0.5245,
        0.3867147270854789
      ]
    },
    "original_image_size": [
      2000,
      2000
    ],
    "crop_bbox": [
      0,
      58,
      2000,
      2000
    ],
    "full_image_name": "PATEK_nab_036_06_tiltface_q3"
  }
}