{
  "PATEK_nab_024_02": {
    "image_size": [
      999,
      1000
    ],
    "coords_norm": {
      "top": [
        0.5055055055055055,
        0.17
      ],
      "left": [
        0.1891891891891892,
        0.486
      ],
      "right": [
        0.8248248248248248,
        0.492
      ],
      "bottom": [
        0.5025025025025025,
        0.807
      ],
      "center": [
        0.5065065065065065,
        0.489
      ]
    },
    "original_image_size": [
      1000,
      1000
    ],
    "crop_bbox": [
      1,
      0,
      1000,
      1000
    ],
    "full_image_name": "PATEK_nab_024_02_face_q3"
  },
  "PATEK_nab_024_03": {
    "image_size": [
      1356,
      1500
    ],
    "coords_norm": {
      "top": [
        0.4786135693215339,
        0.212
      ],
      "left": [
        0.16150442477876106,
        0.39466666666666667
      ],
      "right": [
        0.6482300884955752,
        0.5173333333333333
      ],
      "bottom": [
        0.33480825958702065,
        0.6966666666666667
      ],
      "center": [
        0.40486725663716816,
        0.45466666666666666
      ]
    },
    "original_image_size": [
      1500,
      1500
    ],
    "crop_bbox": [
      24,
      0,
      1380,
      1500
    ],
    "full_image_name": "PATEK_nab_024_03_face_q3"
  }
}