{
  "PATEK_nab_023_05": {
    "image_size": [
      945,
      1600
    ],
    "coords_norm": {
      "top": [
        0.3978835978835979,
        0.22875
      ],
      "left": [
        0.06031746031746032,
        0.4225
      ],
      "right": [
        0.6592592592592592,
        0.448125
      ],
      "bottom": [
        0.32592592592592595,
        0.63875
      ],
      "center": [
        0.36084656084656086,
        0.435
      ]
    },
    "original_image_size": [
      945,
      1600
    ],
    "crop_bbox": [
      0,
      0,
      945,
      1600
    ],
    "full_image_name": "PATEK_nab_023_05_tiltface_q3"
  },
  "PATEK_nab_023_06": {
    "image_size": [
      1198,
      1600
    ],
    "coords_norm": {
      "top": [
        0.6811352253756261,
        0.244375
      ],
      "left": [
        0.501669449081803,
        0.49625
      ],
      "right": [
        0.9156928213689483,
        0.4275
      ],
      "bottom": [
        0.7328881469115192,
        0.6825
      ],
      "center": [
        0.7078464106844741,
        0.464375
      ]
    },
    "original_image_size": [
      1198,
      1600
    ],
    "crop_bbox": [
      0,
      0,
      1198,
      1600
    ],
    "full_image_name": "PATEK_nab_023_06_tiltface_q2"
  },
  "PATEK_nab_023_07": {
    "image_size": [
      1005,
      1600
    ],
    "coords_norm": {
      "top": [
        0.48656716417910445,
        0.250625
      ],
      "left": [
        0.14029850746268657,
        0.47
      ],
      "right": [
        0.8398009950248756,
        0.47375
      ],
      "bottom": [
        0.48656716417910445,
        0.689375
      ],
      "center": [
        0.48855721393034823,
        0.471875
      ]
    },
    "original_image_size": [
      1005,
      1600
    ],
    "crop_bbox": [
      0,
      0,
      1005,
      1600
    ],
    "full_image_name": "PATEK_nab_023_07_face_q3"
  },
  "PATEK_nab_023_11": {
    "image_size": [
      1005,
      1295
    ],
    "coords_norm": {
      "top": [
        0.48855721393034823,
        0.2084942084942085
      ],
      "left": [
        0.14029850746268657,
        0.4803088803088803
      ],
      "right": [
        0.835820895522388,
        0.48416988416988416
      ],
      "bottom": [
        0.48656716417910445,
        0.7513513513513513
      ],
      "center": [
        0.48855721393034823,
        0.4803088803088803
      ]
    },
    "original_image_size": [
      1005,
      1295
    ],
    "crop_bbox": [
      0,
      0,
      1005,
      1295
    ],
    "full_image_name": "PATEK_nab_023_11_face_q3"
  }
}