{
  "PATEK_nab_032_01": {
    "image_size": [
      2496,
      1664
    ],
    "coords_norm": {
      "top": [
        0.2644230769230769,
        0.49459134615384615
      ],
      "left": [
        0.5108173076923077,
        0.8058894230769231
      ],
      "right": [
        0.4723557692307692,
        0.1388221153846154
      ],
      "bottom": [
        0.7163461538461539,
        0.45132211538461536
      ],
      "center": [
        0.4907852564102564,
        0.46875
      ]
    },
    "original_image_size": [
      2496,
      1664
    ],
    "crop_bbox": [
      0,
      0,
      2496,
      1664
    ],
    "full_image_name": "PATEK_nab_032_01_face_q2"
  },
  "PATEK_nab_032_03": {
    "image_size": [
      2144,
      1196
    ],
    "coords_norm": {
      "top": [
        0.447294776119403,
        0.23494983277591974
      ],
      "left": [
        0.40718283582089554,
        0.6321070234113713
      ],
      "right": [
        0.6819029850746269,
        0.33612040133779264
      ],
      "bottom": [
        0.6515858208955224,
        0.7374581939799331
      ],
      "center": [
        0.5461753731343284,
        0.4782608695652174
      ]
    },
    "original_image_size": [
      2560,
      1196
    ],
    "crop_bbox": [
      225,
      0,
      2369,
      1196
    ],
    "full_image_name": "PATEK_nab_032_03_face_q2"
  },
  "PATEK_nab_032_05": {
    "image_size": [
      903,
      1145
    ],
    "coords_norm": {
      "top": [
        0.49723145071982283,
        0.19912663755458515
      ],
      "left": [
        0.1982281284606866,
        0.4078602620087336
      ],
      "right": [
        0.7962347729789591,
        0.41222707423580784
      ],
      "bottom": [
        0.4939091915836102,
        0.6235807860262009
      ],
      "center": [
        0.49723145071982283,
        0.40611353711790393
      ]
    },
    "original_image_size": [
      2560,
      1196
    ],
    "crop_bbox": [
      840,
      51,
      1743,
      1196
    ],
    "full_image_name": "PATEK_nab_032_05_tiltface_q3"
  },
  "PATEK_nab_032_06": {
    "image_size": [
      1638,
      924
    ],
    "coords_norm": {
      "top": [
        0.27289377289377287,
        0.5119047619047619
      ],
      "left": [
        0.4517704517704518,
        0.8192640692640693
      ],
      "right": [
        0.4456654456654457,
        0.19480519480519487
      ],
      "bottom": [
        0.6318681318681318,
        0.5021645021645021
      ],
      "center": [
        0.452991452991453,
        0.5
      ]
    },
    "original_image_size": [
      2560,
      1196
    ],
    "crop_bbox": [
      556,
      173,
      2194,
      1097
    ],
    "full_image_name": "PATEK_nab_032_06_face_q2"
  },
  "PATEK_nab_032_08": {
    "image_size": [
      947,
      1196
    ],
    "coords_norm": {
      "top": [
        0.4836325237592397,
        0.19230769230769232
      ],
      "left": [
        0.15945089757127773,
        0.44481605351170567
      ],
      "right": [
        0.7961985216473073,
        0.4280936454849498
      ],
      "bottom": [
        0.48680042238648363,
        0.6847826086956522
      ],
      "center": [
        0.4836325237592397,
        0.43561872909698995
      ]
    },
    "original_image_size": [
      2560,
      1196
    ],
    "crop_bbox": [
      407,
      0,
      1354,
      1196
    ],
    "full_image_name": "PATEK_nab_032_08_face_q2"
  },
  "PATEK_nab_032_09": {
    "image_size": [
      792,
      1143
    ],
    "coords_norm": {
      "top": [
        0.49873737373737376,
        0.18285214348206474
      ],
      "left": [
        0.18686868686868688,
        0.3779527559055118
      ],
      "right": [
        0.8068181818181818,
        0.3867016622922134
      ],
      "bottom": [
        0.5012626262626263,
        0.5800524934383202
      ],
      "center": [
        0.5012626262626263,
        0.3805774278215223
      ]
    },
    "original_image_size": [
      2560,
      1196
    ],
    "crop_bbox": [
      964,
      0,
      1756,
      1143
    ],
    "full_image_name": "PATEK_nab_032_09_face_q3"
  }
}