{
  "PATEK_nab_045_05": {
    "image_size": [
      789,
      1250
    ],
    "coords_norm": {
      "top": [
        0.4917617237008872,
        0.252
      ],
      "left": [
        0.18377693282636248,
        0.4432
      ],
      "right": [
        0.8010139416983524,
        0.4456
      ],
      "bottom": [
        0.49429657794676807,
        0.6368
      ],
      "center": [
        0.4917617237008872,
        0.444
      ]
    },
    "original_image_size": [
      1920,
      2560
    ],
    "crop_bbox": [
      568,
      720,
      1357,
      1970
    ],
    "full_image_name": "PATEK_nab_045_05_face_q3"
  },
  "PATEK_nab_045_06": {
    "image_size": [
      1200,
      1904
    ],
    "coords_norm": {
      "top": [
        0.4925,
        0.25210084033613445
      ],
      "left": [
        0.18416666666666667,
        0.44380252100840334
      ],
      "right": [
        0.8008333333333333,
        0.44485294117647056
      ],
      "bottom": [
        0.4925,
        0.6370798319327731
      ],
      "center": [
        0.49083333333333334,
        0.44380252100840334
      ]
    },
    "original_image_size": [
      1920,
      2560
    ],
    "crop_bbox": [
      365,
      406,
      1565,
      2310
    ],
    "full_image_name": "PATEK_nab_045_06_face_q3"
  }
}