{
  "PATEK_nab_009_01": {
    "image_size": [
      1468,
      2392
    ],
    "coords_norm": {
      "top": [
        0.4877384196185286,
        0.28846153846153844
      ],
      "left": [
        0.1771117166212534,
        0.47282608695652173
      ],
      "right": [
        0.7990463215258855,
        0.48035117056856186
      ],
      "bottom": [
        0.48637602179836514,
        0.669732441471572
      ],
      "center": [
        0.4884196185286104,
        0.4790969899665552
      ]
    },
    "original_image_size": [
      1920,
      2560
    ],
    "crop_bbox": [
      199,
      137,
      1667,
      2529
    ],
    "full_image_name": "PATEK_nab_009_01_face_q3"
  },
  "PATEK_nab_009_06": {
    "image_size": [
      1706,
      1794
    ],
    "coords_norm": {
      "top": [
        0.5463071512309496,
        0.1867335562987737
      ],
      "left": [
        0.5363423212192263,
        0.44704570791527315
      ],
      "right": [
        0.8036342321219226,
        0.3517279821627648
      ],
      "bottom": [
        0.7942555685814772,
        0.6086956521739131
      ],
      "center": [
        0.6694021101992966,
        0.39687848383500557
      ]
    },
    "original_image_size": [
      1920,
      2560
    ],
    "crop_bbox": [
      0,
      484,
      1706,
      2278
    ],
    "full_image_name": "PATEK_nab_009_06_tiltface_q2"
  }
}