{
  "PATEK_nab_003_02": {
    "image_size": [
      1456,
      2247
    ],
    "coords_norm": {
      "top": [
        0.4896978021978022,
        0.28749443702714733
      ],
      "left": [
        0.1723901098901099,
        0.4864263462394304
      ],
      "right": [
        0.8056318681318682,
        0.49666221628838453
      ],
      "bottom": [
        0.47733516483516486,
        0.6987093902981754
      ],
      "center": [
        0.4842032967032967,
        0.49221183800623053
      ]
    },
    "original_image_size": [
      2021,
      2560
    ],
    "crop_bbox": [
      292,
      205,
      1748,
      2452
    ],
    "full_image_name": "PATEK_nab_003_02_face_q3"
  },
  "PATEK_nab_003_06": {
    "image_size": [
      2169,
      1521
    ],
    "coords_norm": {
      "top": [
        0.2729368372521899,
        0.5029585798816568
      ],
      "left": [
        0.48686030428769017,
        0.8290598290598291
      ],
      "right": [
        0.49100968188105115,
        0.19592373438527286
      ],
      "bottom": [
        0.710926694329184,
        0.5134779750164365
      ],
      "center": [
        0.49239280774550487,
        0.5115055884286653
      ]
    },
    "original_image_size": [
      2560,
      1890
    ],
    "crop_bbox": [
      224,
      265,
      2393,
      1786
    ],
    "full_image_name": "PATEK_nab_003_06_face_q3"
  }
}