{
  "PATEK_nab_068_02": {
    "image_size": [
      972,
      1265
    ],
    "coords_norm": {
      "top": [
        0.48559670781893005,
        0.2624505928853755
      ],
      "left": [
        0.19135802469135801,
        0.49960474308300395
      ],
      "right": [
        0.7942386831275721,
        0.4909090909090909
      ],
      "bottom": [
        0.49897119341563784,
        0.7256916996047431
      ],
      "center": [
        0.492798353909465,
        0.49407114624505927
      ]
    },
    "annotator": "unknown",
    "timestamp": "2025-12-07T12:56:08.211637+00:00"
  }
}