{
  "PATEK_nab_025_01": {
    "image_size": [
      1751,
      1211
    ],
    "coords_norm": {
      "top": [
        0.5345516847515706,
        0.6251032204789431
      ],
      "left": [
        0.7475728155339806,
        0.8018166804293972
      ],
      "right": [
        0.653912050256996,
        0.2295623451692816
      ],
      "bottom": [
        0.8606510565391206,
        0.41453344343517756
      ],
      "center": [
        0.6984580239862935,
        0.5169281585466556
      ]
    },
    "original_image_size": [
      2160,
      2160
    ],
    "crop_bbox": [
      136,
      479,
      1887,
      1690
    ],
    "full_image_name": "PATEK_nab_025_01_tiltface_q3"
  },
  "PATEK_nab_025_04": {
    "image_size": [
      1301,
      1856
    ],
    "coords_norm": {
      "top": [
        0.4888547271329746,
        0.3017241379310345
      ],
      "left": [
        0.18447348193697155,
        0.5193965517241379
      ],
      "right": [
        0.8039969254419678,
        0.5210129310344828
      ],
      "bottom": [
        0.4957724827056111,
        0.7381465517241379
      ],
      "center": [
        0.49423520368946966,
        0.5210129310344828
      ]
    },
    "original_image_size": [
      2160,
      2160
    ],
    "crop_bbox": [
      404,
      80,
      1705,
      1936
    ],
    "full_image_name": "PATEK_nab_025_04_face_q3"
  },
  "PATEK_nab_025_07": {
    "image_size": [
      1674,
      1260
    ],
    "coords_norm": {
      "top": [
        0.13321385902031063,
        0.4380952380952381
      ],
      "left": [
        0.28136200716845877,
        0.8087301587301587
      ],
      "right": [
        0.34468339307048984,
        0.22857142857142856
      ],
      "bottom": [
        0.497610513739546,
        0.6071428571428571
      ],
      "center": [
        0.3160095579450418,
        0.5198412698412699
      ]
    },
    "original_image_size": [
      2160,
      2160
    ],
    "crop_bbox": [
      234,
      430,
      1908,
      1690
    ],
    "full_image_name": "PATEK_nab_025_07_tiltface_q3"
  }
}