{
  "PATEK_nab_027_01": {
    "image_size": [
      2000,
      2000
    ],
    "coords_norm": {
      "top": [
        0.7805,
        0.2225
      ],
      "left": [
        0.1725,
        0.2605
      ],
      "right": [
        0.8225,
        0.6725
      ],
      "bottom": [
        0.2265,
        0.705
      ],
      "center": [
        0.5,
        0.464
      ]
    },
    "original_image_size": [
      2000,
      2000
    ],
    "crop_bbox": [
      0,
      0,
      2000,
      2000
    ],
    "full_image_name": "PATEK_nab_027_01_tiltface_q3"
  },
  "PATEK_nab_027_03": {
    "image_size": [
      1638,
      2000
    ],
    "coords_norm": {
      "top": [
        0.4932844932844932,
        0.234
      ],
      "left": [
        0.1813186813186813,
        0.489
      ],
      "right": [
        0.7948717948717948,
        0.4975
      ],
      "bottom": [
        0.4835164835164835,
        0.7365
      ],
      "center": [
        0.4871794871794871,
        0.4915
      ]
    },
    "original_image_size": [
      2000,
      2000
    ],
    "crop_bbox": [
      203,
      0,
      1841,
      2000
    ],
    "full_image_name": "PATEK_nab_027_03_face_q3"
  },
  "PATEK_nab_027_08": {
    "image_size": [
      2000,
      2000
    ],
    "coords_norm": {
      "top": [
        0.6705,
        0.125
      ],
      "left": [
        0.1465,
        0.345
      ],
      "right": [
        0.7915,
        0.6355
      ],
      "bottom": [
        0.283,
        0.8565
      ],
      "center": [
        0.473,
        0.4915
      ]
    },
    "original_image_size": [
      2000,
      2000
    ],
    "crop_bbox": [
      0,
      0,
      2000,
      2000
    ],
    "full_image_name": "PATEK_nab_027_08_tiltface_q3"
  }
}