{
  "PATEK_nab_039_01": {
    "image_size": [
      1591,
      1695
    ],
    "coords_norm": {
      "top": [
        0.6687617850408548,
        0.25545722713864305
      ],
      "left": [
        0.48460087994971723,
        0.12035398230088495
      ],
      "right": [
        0.4739157762413576,
        0.391740412979351
      ],
      "bottom": [
        0.284098051539912,
        0.26253687315634217
      ],
      "center": [
        0.4770584538026398,
        0.25663716814159293
      ]
    },
    "original_image_size": [
      1920,
      2560
    ],
    "crop_bbox": [
      206,
      865,
      1797,
      2560
    ],
    "full_image_name": "PATEK_nab_039_01_tiltface_q2"
  },
  "PATEK_nab_039_08": {
    "image_size": [
      1087,
      1633
    ],
    "coords_norm": {
      "top": [
        0.47838086476540936,
        0.23882424984690753
      ],
      "left": [
        0.36430542778288866,
        0.46785058175137784
      ],
      "right": [
        0.827966881324747,
        0.36864666258420087
      ],
      "bottom": [
        0.7138914443422263,
        0.5927740355174526
      ],
      "center": [
        0.5952161913523459,
        0.4151867728107777
      ]
    },
    "original_image_size": [
      1920,
      2560
    ],
    "crop_bbox": [
      314,
      618,
      1401,
      2251
    ],
    "full_image_name": "PATEK_nab_039_08_tiltface_q2"
  }
}