{
  "PATEK_nab_006_04": {
    "image_size": [
      1222,
      2065
    ],
    "coords_norm": {
      "top": [
        0.49263502454991814,
        0.22227602905569008
      ],
      "left": [
        0.18412438625204583,
        0.3990314769975787
      ],
      "right": [
        0.8036006546644845,
        0.40581113801452784
      ],
      "bottom": [
        0.49263502454991814,
        0.5796610169491525
      ],
      "center": [
        0.4950900163666121,
        0.3990314769975787
      ]
    },
    "original_image_size": [
      2065,
      2065
    ],
    "crop_bbox": [
      387,
      0,
      1609,
      2065
    ],
    "full_image_name": "PATEK_nab_006_04_face_q3"
  },
  "PATEK_nab_006_10": {
    "image_size": [
      2387,
      1552
    ],
    "coords_norm": {
      "top": [
        0.33933808127356513,
        0.6172680412371133
      ],
      "left": [
        0.598659405111018,
        0.7699742268041238
      ],
      "right": [
        0.44030163385002097,
        0.21713917525773196
      ],
      "bottom": [
        0.6987850858818601,
        0.3711340206185567
      ],
      "center": [
        0.5190615835777126,
        0.4896907216494845
      ]
    },
    "original_image_size": [
      2560,
      1562
    ],
    "crop_bbox": [
      0,
      10,
      2387,
      1562
    ],
    "full_image_name": "PATEK_nab_006_10_face_q3"
  }
}