{
  "PATEK_nab_046_01": {
    "image_size": [
      2083,
      2095
    ],
    "coords_norm": {
      "top": [
        0.47383581373019684,
        0.18233890214797135
      ],
      "left": [
        0.15938550168026885,
        0.49785202863961814
      ],
      "right": [
        0.7849255880940951,
        0.518854415274463
      ],
      "bottom": [
        0.47383581373019684,
        0.8324582338902148
      ],
      "center": [
        0.4723955832933269,
        0.5059665871121718
      ]
    },
    "original_image_size": [
      2095,
      2095
    ],
    "crop_bbox": [
      12,
      0,
      2095,
      2095
    ],
    "full_image_name": "PATEK_nab_046_01_face_q3"
  },
  "PATEK_nab_046_03": {
    "image_size": [
      2095,
      2095
    ],
    "coords_norm": {
      "top": [
        0.49976133651551313,
        0.16992840095465395
      ],
      "left": [
        0.162291169451074,
        0.5050119331742243
      ],
      "right": [
        0.837708830548926,
        0.5078758949880668
      ],
      "bottom": [
        0.49976133651551313,
        0.8424821002386634
      ],
      "center": [
        0.4988066825775656,
        0.5059665871121718
      ]
    },
    "original_image_size": [
      2095,
      2095
    ],
    "crop_bbox": [
      0,
      0,
      2095,
      2095
    ],
    "full_image_name": "PATEK_nab_046_03_face_q3"
  },
  "PATEK_nab_046_04": {
    "image_size": [
      2082,
      2095
    ],
    "coords_norm": {
      "top": [
        0.5230547550432276,
        0.1890214797136038
      ],
      "left": [
        0.2132564841498559,
        0.5126491646778043
      ],
      "right": [
        0.8323727185398655,
        0.5126491646778043
      ],
      "bottom": [
        0.5220941402497599,
        0.8353221957040573
      ],
      "center": [
        0.521133525456292,
        0.5116945107398568
      ]
    },
    "original_image_size": [
      2095,
      2095
    ],
    "crop_bbox": [
      13,
      0,
      2095,
      2095
    ],
    "full_image_name": "PATEK_nab_046_04_face_q3"
  },
  "PATEK_nab_046_05": {
    "image_size": [
      1658,
      2095
    ],
    "coords_norm": {
      "top": [
        0.4951749095295537,
        0.2587112171837709
      ],
      "left": [
        0.18516284680337755,
        0.5035799522673031
      ],
      "right": [
        0.8063932448733414,
        0.5045346062052506
      ],
      "bottom": [
        0.4927623642943305,
        0.747016706443914
      ],
      "center": [
        0.4951749095295537,
        0.5045346062052506
      ]
    },
    "original_image_size": [
      2095,
      2095
    ],
    "crop_bbox": [
      226,
      0,
      1884,
      2095
    ],
    "full_image_name": "PATEK_nab_046_05_face_q3"
  }
}