{
  "PATEK_nab_011_01": {
    "image_size": [
      1588,
      2560
    ],
    "coords_norm": {
      "top": [
        0.48299748110831237,
        0.294140625
      ],
      "left": [
        0.1801007556675063,
        0.4875
      ],
      "right": [
        0.7984886649874056,
        0.487890625
      ],
      "bottom": [
        0.4892947103274559,
        0.68046875
      ],
      "center": [
        0.4892947103274559,
        0.488671875
      ]
    },
    "original_image_size": [
      1920,
      2560
    ],
    "crop_bbox": [
      173,
      0,
      1761,
      2560
    ],
    "full_image_name": "PATEK_nab_011_01_face_q3"
  },
  "PATEK_nab_011_05": {
    "image_size": [
      1794,
      2240
    ],
    "coords_norm": {
      "top": [
        0.5016722408026756,
        0.20223214285714286
      ],
      "left": [
        0.45819397993311034,
        0.459375
      ],
      "right": [
        0.7998885172798216,
        0.38571428571428573
      ],
      "bottom": [
        0.770345596432553,
        0.6392857142857142
      ],
      "center": [
        0.6354515050167224,
        0.41875
      ]
    },
    "original_image_size": [
      1920,
      2560
    ],
    "crop_bbox": [
      0,
      254,
      1794,
      2494
    ],
    "full_image_name": "PATEK_nab_011_05_tiltface_q2"
  }
}