{
  "PATEK_nab_041_05": {
    "image_size": [
      2032,
      2444
    ],
    "coords_norm": {
      "top": [
        0.4985236220472441,
        0.23895253682487724
      ],
      "left": [
        0.3282480314960631,
        0.5241407528641571
      ],
      "right": [
        0.8257874015748031,
        0.40057283142389527
      ],
      "bottom": [
        0.6515748031496063,
        0.686988543371522
      ],
      "center": [
        0.5728346456692913,
        0.4623567921440262
      ]
    },
    "original_image_size": [
      2444,
      2444
    ],
    "crop_bbox": [
      206,
      0,
      2238,
      2444
    ],
    "full_image_name": "PATEK_nab_041_05_tiltface_q3"
  },
  "PATEK_nab_041_06": {
    "image_size": [
      1857,
      2560
    ],
    "coords_norm": {
      "top": [
        0.4911147011308562,
        0.253515625
      ],
      "left": [
        0.1830910070005385,
        0.47265625
      ],
      "right": [
        0.7921378567582121,
        0.47421875
      ],
      "bottom": [
        0.4873451803984922,
        0.692578125
      ],
      "center": [
        0.48896068928379105,
        0.471484375
      ]
    },
    "original_image_size": [
      2560,
      2560
    ],
    "crop_bbox": [
      365,
      0,
      2222,
      2560
    ],
    "full_image_name": "PATEK_nab_041_06_face_q3"
  },
  "PATEK_nab_041_07": {
    "image_size": [
      2151,
      2341
    ],
    "coords_norm": {
      "top": [
        0.4718735471873547,
        0.21999145664246048
      ],
      "left": [
        0.16225011622501162,
        0.3771892353695002
      ],
      "right": [
        0.5904230590423059,
        0.5168731311405382
      ],
      "bottom": [
        0.2928870292887029,
        0.6706535668517728
      ],
      "center": [
        0.3807531380753138,
        0.4451089278086288
      ]
    },
    "original_image_size": [
      2341,
      2341
    ],
    "crop_bbox": [
      119,
      0,
      2270,
      2341
    ],
    "full_image_name": "PATEK_nab_041_07_tiltface_q3"
  },
  "PATEK_nab_041_10": {
    "image_size": [
      2427,
      2522
    ],
    "coords_norm": {
      "top": [
        0.49114132674083233,
        0.1471054718477399
      ],
      "left": [
        0.17758549649773384,
        0.42426645519429024
      ],
      "right": [
        0.7906880922950145,
        0.4290245836637589
      ],
      "bottom": [
        0.48372476308199425,
        0.6887390959555908
      ],
      "center": [
        0.48825710754017304,
        0.422680412371134
      ]
    },
    "original_image_size": [
      2522,
      2522
    ],
    "crop_bbox": [
      66,
      0,
      2493,
      2522
    ],
    "full_image_name": "PATEK_nab_041_10_face_q3"
  }
}