{
  "PATEK_nab_010_02": {
    "image_size": [
      798,
      1285
    ],
    "coords_norm": {
      "top": [
        0.4598997493734336,
        0.2607003891050584
      ],
      "left": [
        0.22681704260651628,
        0.4723735408560311
      ],
      "right": [
        0.8070175438596491,
        0.4038910505836576
      ],
      "bottom": [
        0.5827067669172933,
        0.621011673151751
      ],
      "center": [
        0.5200501253132832,
        0.4357976653696498
      ]
    },
    "original_image_size": [
      1200,
      1600
    ],
    "crop_bbox": [
      226,
      234,
      1024,
      1519
    ],
    "full_image_name": "PATEK_nab_010_02_face_q3"
  },
  "PATEK_nab_010_05": {
    "image_size": [
      861,
      1286
    ],
    "coords_norm": {
      "top": [
        0.45876887340301975,
        0.3188180404354588
      ],
      "left": [
        0.2624854819976772,
        0.5505443234836703
      ],
      "right": [
        0.8037166085946575,
        0.4572317262830482
      ],
      "bottom": [
        0.6155632984901278,
        0.6850699844479006
      ],
      "center": [
        0.5365853658536586,
        0.5015552099533437
      ]
    },
    "original_image_size": [
      1200,
      1600
    ],
    "crop_bbox": [
      182,
      116,
      1043,
      1402
    ],
    "full_image_name": "PATEK_nab_010_05_face_q3"
  }
}