{
  "PATEK_nab_001_01": {
    "image_size": [
      2046,
      1720
    ],
    "coords_norm": {
      "top": [
        0.23216031280547408,
        0.5156976744186047
      ],
      "left": [
        0.48729227761485827,
        0.8191860465116279
      ],
      "right": [
        0.4858260019550342,
        0.21395348837209302
      ],
      "bottom": [
        0.7448680351906158,
        0.5186046511627908
      ],
      "center": [
        0.48826979472140764,
        0.5174418604651163
      ]
    },
    "original_image_size": [
      2046,
      2046
    ],
    "crop_bbox": [
      0,
      171,
      2046,
      1891
    ],
    "full_image_name": "PATEK_nab_001_01_face_q3"
  },
  "PATEK_nab_001_05": {
    "image_size": [
      1565,
      2560
    ],
    "coords_norm": {
      "top": [
        0.4926517571884984,
        0.26875
      ],
      "left": [
        0.2063897763578275,
        0.4609375
      ],
      "right": [
        0.8095846645367412,
        0.45
      ],
      "bottom": [
        0.5169329073482428,
        0.6421875
      ],
      "center": [
        0.5086261980830671,
        0.45625
      ]
    },
    "original_image_size": [
      2560,
      2560
    ],
    "crop_bbox": [
      493,
      0,
      2058,
      2560
    ],
    "full_image_name": "PATEK_nab_001_05_face_q3"
  }
}