{
  "PATEK_nab_039_01_tiltface_q2.jpg": {
    "image_size": [
      1920,
      2560
    ],
    "coords_norm": {
      "top": [
        0.5635416666666667,
        0.338671875
      ],
      "left": [
        0.47708333333333336,
        0.387890625
      ],
      "right": [
        0.65625,
        0.38828125
      ],
      "bottom": [
        0.5817708333333333,
        0.44921875
      ],
      "center": [
        0.590625,
        0.38828125
      ]
    },
    "annotator": "unknown",
    "timestamp": "2025-12-05T09:53:38.486352+00:00"
  }
}