{
  "PATEK_nab_020_01": {
    "image_size": [
      2222,
      1848
    ],
    "coords_norm": {
      "top": [
        0.28802880288028804,
        0.4686147186147186
      ],
      "left": [
        0.5256525652565257,
        0.729978354978355
      ],
      "right": [
        0.5166516651665166,
        0.1920995670995671
      ],
      "bottom": [
        0.7574257425742574,
        0.45670995670995684
      ],
      "center": [
        0.5220522052205221,
        0.4594155844155844
      ]
    },
    "original_image_size": [
      2222,
      2222
    ],
    "crop_bbox": [
      0,
      374,
      2222,
      2222
    ],
    "full_image_name": "PATEK_nab_020_01_face_q3"
  },
  "PATEK_nab_020_02": {
    "image_size": [
      2144,
      2222
    ],
    "coords_norm": {
      "top": [
        0.4510261194029851,
        0.23987398739873989
      ],
      "left": [
        0.21688432835820895,
        0.5688568856885688
      ],
      "right": [
        0.8171641791044776,
        0.47884788478847884
      ],
      "bottom": [
        0.5890858208955224,
        0.8096309630963097
      ],
      "center": [
        0.5191231343283582,
        0.5216021602160216
      ]
    },
    "original_image_size": [
      2222,
      2222
    ],
    "crop_bbox": [
      62,
      0,
      2206,
      2222
    ],
    "full_image_name": "PATEK_nab_020_02_face_q3"
  },
  "PATEK_nab_020_06": {
    "image_size": [
      2222,
      1895
    ],
    "coords_norm": {
      "top": [
        0.2722772277227723,
        0.4712401055408971
      ],
      "left": [
        0.5166516651665166,
        0.7398416886543537
      ],
      "right": [
        0.5022502250225023,
        0.19050131926121372
      ],
      "bottom": [
        0.7547254725472547,
        0.45963060686015833
      ],
      "center": [
        0.513051305130513,
        0.46121372031662267
      ]
    },
    "original_image_size": [
      2222,
      2222
    ],
    "crop_bbox": [
      0,
      327,
      2222,
      2222
    ],
    "full_image_name": "PATEK_nab_020_06_face_q3"
  },
  "PATEK_nab_020_09": {
    "image_size": [
      2150,
      2222
    ],
    "coords_norm": {
      "top": [
        0.33813953488372095,
        0.2812781278127813
      ],
      "left": [
        0.1516279069767442,
        0.6921692169216922
      ],
      "right": [
        0.6990697674418604,
        0.3996399639963996
      ],
      "bottom": [
        0.5079069767441861,
        0.819081908190819
      ],
      "center": [
        0.4209302325581396,
        0.5445544554455446
      ]
    },
    "original_image_size": [
      2222,
      2222
    ],
    "crop_bbox": [
      72,
      0,
      2222,
      2222
    ],
    "full_image_name": "PATEK_nab_020_09_tiltface_q3"
  },
  "PATEK_nab_020_10": {
    "image_size": [
      2222,
      2222
    ],
    "coords_norm": {
      "top": [
        0.3874887488748875,
        0.22817281728172817
      ],
      "left": [
        0.16246624662466247,
        0.6224122412241224
      ],
      "right": [
        0.774077407740774,
        0.42664266426642666
      ],
      "bottom": [
        0.5472547254725473,
        0.8231323132313232
      ],
      "center": [
        0.46624662466246625,
        0.5216021602160216
      ]
    },
    "original_image_size": [
      2222,
      2222
    ],
    "crop_bbox": [
      0,
      0,
      2222,
      2222
    ],
    "full_image_name": "PATEK_nab_020_10_face_q3"
  },
  "PATEK_nab_020_11": {
    "image_size": [
      2222,
      2222
    ],
    "coords_norm": {
      "top": [
        0.4446444644464446,
        0.24392439243924394
      ],
      "left": [
        0.20297029702970298,
        0.6107110711071108
      ],
      "right": [
        0.8141314131413141,
        0.4896489648964896
      ],
      "bottom": [
        0.5756075607560756,
        0.8546354635463547
      ],
      "center": [
        0.5099009900990099,
        0.5472547254725473
      ]
    },
    "original_image_size": [
      2222,
      2222
    ],
    "crop_bbox": [
      0,
      0,
      2222,
      2222
    ],
    "full_image_name": "PATEK_nab_020_11_face_q3"
  },
  "PATEK_nab_020_12": {
    "image_size": [
      2222,
      2222
    ],
    "coords_norm": {
      "top": [
        0.4378937893789379,
        0.24077407740774076
      ],
      "left": [
        0.25067506750675067,
        0.5621062106210621
      ],
      "right": [
        0.8064806480648065,
        0.4671467146714671
      ],
      "bottom": [
        0.6282628262826283,
        0.7920792079207921
      ],
      "center": [
        0.5306030603060305,
        0.5108010801080108
      ]
    },
    "original_image_size": [
      2222,
      2222
    ],
    "crop_bbox": [
      0,
      0,
      2222,
      2222
    ],
    "full_image_name": "PATEK_nab_020_12_tiltface_q3"
  },
  "PATEK_nab_020_14": {
    "image_size": [
      1842,
      2222
    ],
    "coords_norm": {
      "top": [
        0.3007600434310532,
        0.4180918091809181
      ],
      "left": [
        0.15798045602605862,
        0.8298829882988299
      ],
      "right": [
        0.6715526601520087,
        0.5571557155715572
      ],
      "bottom": [
        0.5276872964169381,
        0.9873987398739874
      ],
      "center": [
        0.41150922909880566,
        0.6998199819981998
      ]
    },
    "original_image_size": [
      2222,
      2222
    ],
    "crop_bbox": [
      177,
      0,
      2019,
      2222
    ],
    "full_image_name": "PATEK_nab_020_14_tiltface_q2"
  },
  "PATEK_nab_020_16": {
    "image_size": [
      2222,
      1992
    ],
    "coords_norm": {
      "top": [
        0.21962196219621963,
        0.45130522088353403
      ],
      "left": [
        0.4513951395139514,
        0.7098393574297188
      ],
      "right": [
        0.46894689468946893,
        0.18825301204819278
      ],
      "bottom": [
        0.7007200720072008,
        0.44477911646586343
      ],
      "center": [
        0.4603960396039604,
        0.4467871485943775
      ]
    },
    "original_image_size": [
      2222,
      2222
    ],
    "crop_bbox": [
      0,
      230,
      2222,
      2222
    ],
    "full_image_name": "PATEK_nab_020_16_face_q3"
  }
}