{
  "PATEK_nab_026_01": {
    "image_size": [
      1301,
      2339
    ],
    "coords_norm": {
      "top": [
        0.49423520368946966,
        0.3232150491663104
      ],
      "left": [
        0.180630284396618,
        0.4993587002992732
      ],
      "right": [
        0.813989239046887,
        0.5032064985036341
      ],
      "bottom": [
        0.49346656418139895,
        0.6776400171013254
      ],
      "center": [
        0.49346656418139895,
        0.5010688328345447
      ]
    },
    "original_image_size": [
      1920,
      2560
    ],
    "crop_bbox": [
      425,
      0,
      1726,
      2339
    ],
    "full_image_name": "PATEK_nab_026_01_face_q3"
  },
  "PATEK_nab_026_04": {
    "image_size": [
      1242,
      2560
    ],
    "coords_norm": {
      "top": [
        0.4879227053140098,
        0.3109375
      ],
      "left": [
        0.177938808373591,
        0.466015625
      ],
      "right": [
        0.8059581320450886,
        0.462890625
      ],
      "bottom": [
        0.4895330112721417,
        0.615625
      ],
      "center": [
        0.49033816425120763,
        0.4640625
      ]
    },
    "original_image_size": [
      1920,
      2560
    ],
    "crop_bbox": [
      379,
      0,
      1621,
      2560
    ],
    "full_image_name": "PATEK_nab_026_04_face_q3"
  },
  "PATEK_nab_026_05": {
    "image_size": [
      1398,
      2546
    ],
    "coords_norm": {
      "top": [
        0.4821173104434907,
        0.4430479183032207
      ],
      "left": [
        0.17238912732474965,
        0.6205813040062844
      ],
      "right": [
        0.801859799713877,
        0.6107619795758051
      ],
      "bottom": [
        0.4971387696709585,
        0.7918303220738413
      ],
      "center": [
        0.4899856938483548,
        0.615082482325216
      ]
    },
    "original_image_size": [
      1920,
      2560
    ],
    "crop_bbox": [
      167,
      0,
      1565,
      2546
    ],
    "full_image_name": "PATEK_nab_026_05_face_q3"
  },
  "PATEK_nab_026_07": {
    "image_size": [
      1466,
      2483
    ],
    "coords_norm": {
      "top": [
        0.4918144611186903,
        0.31816351188078934
      ],
      "left": [
        0.17735334242837653,
        0.5082561417639951
      ],
      "right": [
        0.815143246930423,
        0.5018123238018526
      ],
      "bottom": [
        0.4972714870395634,
        0.6939186467982279
      ],
      "center": [
        0.4959072305593452,
        0.5042287555376561
      ]
    },
    "original_image_size": [
      1920,
      2560
    ],
    "crop_bbox": [
      269,
      77,
      1735,
      2560
    ],
    "full_image_name": "PATEK_nab_026_07_face_q3"
  }
}