{
  "PATEK_nab_014_01": {
    "image_size": [
      1920,
      2560
    ],
    "coords_norm": {
      "top": [
        0.5390625,
        0.21875
      ],
      "left": [
        0.4895833333333333,
        0.528125
      ],
      "right": [
        0.8625,
        0.384765625
      ],
      "bottom": [
        0.8296875,
        0.6859375
      ],
      "center": [
        0.6848958333333334,
        0.453515625
      ]
    },
    "original_image_size": [
      1920,
      2560
    ],
    "crop_bbox": [
      0,
      0,
      1920,
      2560
    ],
    "full_image_name": "PATEK_nab_014_01_tiltface_q2"
  },
  "PATEK_nab_014_02": {
    "image_size": [
      1434,
      2215
    ],
    "coords_norm": {
      "top": [
        0.4874476987447699,
        0.1945823927765237
      ],
      "left": [
        0.18758716875871687,
        0.4018058690744921
      ],
      "right": [
        0.8068340306834031,
        0.3923250564334086
      ],
      "bottom": [
        0.5062761506276151,
        0.599097065462754
      ],
      "center": [
        0.49721059972105996,
        0.399097065462754
      ]
    },
    "original_image_size": [
      1920,
      2560
    ],
    "crop_bbox": [
      219,
      36,
      1653,
      2251
    ],
    "full_image_name": "PATEK_nab_014_02_face_q3"
  },
  "PATEK_nab_014_03": {
    "image_size": [
      1920,
      2560
    ],
    "coords_norm": {
      "top": [
        0.2630208333333333,
        0.125390625
      ],
      "left": [
        0.16875,
        0.409765625
      ],
      "right": [
        0.6880208333333333,
        0.175390625
      ],
      "bottom": [
        0.6005208333333333,
        0.460546875
      ],
      "center": [
        0.4322916666666667,
        0.291015625
      ]
    },
    "original_image_size": [
      1920,
      2560
    ],
    "crop_bbox": [
      0,
      0,
      1920,
      2560
    ],
    "full_image_name": "PATEK_nab_014_03_tiltface_q3"
  },
  "PATEK_nab_014_04": {
    "image_size": [
      1920,
      2560
    ],
    "coords_norm": {
      "top": [
        0.5505208333333333,
        0.485546875
      ],
      "left": [
        0.315625,
        0.766015625
      ],
      "right": [
        0.9208333333333333,
        0.590625
      ],
      "bottom": [
        0.6838541666666667,
        0.8546875
      ],
      "center": [
        0.61875,
        0.67734375
      ]
    },
    "original_image_size": [
      1920,
      2560
    ],
    "crop_bbox": [
      0,
      0,
      1920,
      2560
    ],
    "full_image_name": "PATEK_nab_014_04_tiltface_q3"
  },
  "PATEK_nab_014_07": {
    "image_size": [
      1339,
      2324
    ],
    "coords_norm": {
      "top": [
        0.4346527259148618,
        0.2104130808950086
      ],
      "left": [
        0.10231516056758776,
        0.41092943201376936
      ],
      "right": [
        0.7789395070948469,
        0.40490533562822717
      ],
      "bottom": [
        0.450336071695295,
        0.601118760757315
      ],
      "center": [
        0.44510828976848393,
        0.40619621342512907
      ]
    },
    "original_image_size": [
      1920,
      2560
    ],
    "crop_bbox": [
      0,
      83,
      1339,
      2407
    ],
    "full_image_name": "PATEK_nab_014_07_face_q3"
  }
}