{
  "PATEK_nab_008_01": {
    "image_size": [
      1727,
      1280
    ],
    "coords_norm": {
      "top": [
        0.6294151708164447,
        0.18359375
      ],
      "left": [
        0.26404169079328316,
        0.27578125
      ],
      "right": [
        0.671685002895194,
        0.63125
      ],
      "bottom": [
        0.29936305732484075,
        0.71875
      ],
      "center": [
        0.46728430804863935,
        0.45859375
      ]
    },
    "original_image_size": [
      1920,
      1280
    ],
    "crop_bbox": [
      193,
      0,
      1920,
      1280
    ],
    "full_image_name": "PATEK_nab_008_01_tiltface_q3"
  },
  "PATEK_nab_008_04": {
    "image_size": [
      714,
      1224
    ],
    "coords_norm": {
      "top": [
        0.4369747899159664,
        0.4125816993464052
      ],
      "left": [
        0.2324929971988797,
        0.6127450980392157
      ],
      "right": [
        0.7997198879551821,
        0.5359477124183006
      ],
      "bottom": [
        0.5938375350140056,
        0.7279411764705882
      ],
      "center": [
        0.5168067226890757,
        0.571078431372549
      ]
    },
    "original_image_size": [
      1920,
      1280
    ],
    "crop_bbox": [
      800,
      56,
      1514,
      1280
    ],
    "full_image_name": "PATEK_nab_008_04_face_q2"
  },
  "PATEK_nab_008_06": {
    "image_size": [
      1780,
      1280
    ],
    "coords_norm": {
      "top": [
        0.4904494382022472,
        0.071875
      ],
      "left": [
        0.18370786516853932,
        0.48828125
      ],
      "right": [
        0.7966292134831461,
        0.5046875
      ],
      "bottom": [
        0.48820224719101124,
        0.91953125
      ],
      "center": [
        0.4904494382022472,
        0.49453125
      ]
    },
    "original_image_size": [
      1920,
      1280
    ],
    "crop_bbox": [
      87,
      0,
      1867,
      1280
    ],
    "full_image_name": "PATEK_nab_008_06_face_q3"
  }
}