{
  "PATEK_nab_022_01": {
    "image_size": [
      896,
      1371
    ],
    "coords_norm": {
      "top": [
        0.4765625,
        0.20058351568198396
      ],
      "left": [
        0.18303571428571427,
        0.4084609773887673
      ],
      "right": [
        0.8046875,
        0.3836615609044493
      ],
      "bottom": [
        0.5089285714285714,
        0.5893508388037928
      ],
      "center": [
        0.4921875,
        0.39314369073668853
      ]
    },
    "original_image_size": [
      1920,
      2560
    ],
    "crop_bbox": [
      664,
      547,
      1560,
      1918
    ],
    "full_image_name": "PATEK_nab_022_01_face_q3"
  },
  "PATEK_nab_022_02": {
    "image_size": [
      850,
      1321
    ],
    "coords_norm": {
      "top": [
        0.4776470588235294,
        0.22407267221801666
      ],
      "left": [
        0.18352941176470589,
        0.4261922785768357
      ],
      "right": [
        0.8047058823529412,
        0.4072672218016654
      ],
      "bottom": [
        0.5152941176470589,
        0.6214988644965935
      ],
      "center": [
        0.4964705882352941,
        0.41786525359576077
      ]
    },
    "original_image_size": [
      1920,
      2560
    ],
    "crop_bbox": [
      584,
      926,
      1434,
      2247
    ],
    "full_image_name": "PATEK_nab_022_02_face_q3"
  },
  "PATEK_nab_022_04": {
    "image_size": [
      654,
      1061
    ],
    "coords_norm": {
      "top": [
        0.4938837920489297,
        0.18001885014137606
      ],
      "left": [
        0.191131498470948,
        0.3581526861451461
      ],
      "right": [
        0.8073394495412844,
        0.3647502356267672
      ],
      "bottom": [
        0.5107033639143731,
        0.5513666352497644
      ],
      "center": [
        0.5030581039755352,
        0.3609802073515551
      ]
    },
    "original_image_size": [
      1920,
      2560
    ],
    "crop_bbox": [
      723,
      1237,
      1377,
      2298
    ],
    "full_image_name": "PATEK_nab_022_04_face_q3"
  },
  "PATEK_nab_022_05": {
    "image_size": [
      931,
      1401
    ],
    "coords_norm": {
      "top": [
        0.4414607948442535,
        0.17059243397573162
      ],
      "left": [
        0.2749731471535983,
        0.39114917915774444
      ],
      "right": [
        0.8163265306122449,
        0.32119914346895073
      ],
      "bottom": [
        0.6638023630504833,
        0.5339043540328337
      ],
      "center": [
        0.5520945220193341,
        0.3497501784439686
      ]
    },
    "original_image_size": [
      1920,
      2560
    ],
    "crop_bbox": [
      609,
      578,
      1540,
      1979
    ],
    "full_image_name": "PATEK_nab_022_05_tiltface_q3"
  },
  "PATEK_nab_022_07": {
    "image_size": [
      828,
      1345
    ],
    "coords_norm": {
      "top": [
        0.4903381642512076,
        0.18810408921933086
      ],
      "left": [
        0.18719806763285024,
        0.3613382899628253
      ],
      "right": [
        0.8031400966183575,
        0.35687732342007433
      ],
      "bottom": [
        0.501207729468599,
        0.5449814126394052
      ],
      "center": [
        0.4939613526570048,
        0.3553903345724907
      ]
    },
    "original_image_size": [
      1920,
      2560
    ],
    "crop_bbox": [
      589,
      1110,
      1417,
      2455
    ],
    "full_image_name": "PATEK_nab_022_07_face_q3"
  },
  "PATEK_nab_022_08": {
    "image_size": [
      1201,
      1512
    ],
    "coords_norm": {
      "top": [
        0.6169858451290591,
        0.18915343915343916
      ],
      "left": [
        0.2739383846794338,
        0.2347883597883598
      ],
      "right": [
        0.6378018318068276,
        0.42328042328042326
      ],
      "bottom": [
        0.27310574521232306,
        0.4708994708994709
      ],
      "center": [
        0.4446294754371357,
        0.3287037037037037
      ]
    },
    "original_image_size": [
      1920,
      2560
    ],
    "crop_bbox": [
      459,
      587,
      1660,
      2099
    ],
    "full_image_name": "PATEK_nab_022_08_tiltface_q3"
  },
  "PATEK_nab_022_09": {
    "image_size": [
      912,
      1410
    ],
    "coords_norm": {
      "top": [
        0.4682017543859649,
        0.17801418439716313
      ],
      "left": [
        0.18201754385964913,
        0.36950354609929076
      ],
      "right": [
        0.7949561403508771,
        0.34893617021276596
      ],
      "bottom": [
        0.5,
        0.548936170212766
      ],
      "center": [
        0.4857456140350877,
        0.35815602836879434
      ]
    },
    "original_image_size": [
      1920,
      2560
    ],
    "crop_bbox": [
      606,
      757,
      1518,
      2167
    ],
    "full_image_name": "PATEK_nab_022_09_face_q3"
  }
}