{
  "PATEK_nab_007_01": {
    "image_size": [
      1951,
      2000
    ],
    "coords_norm": {
      "top": [
        0.49820604818042025,
        0.203
      ],
      "left": [
        0.19169656586365966,
        0.5105
      ],
      "right": [
        0.814454126089185,
        0.51
      ],
      "bottom": [
        0.5002562788313686,
        0.809
      ],
      "center": [
        0.5028190671450539,
        0.5065
      ]
    },
    "original_image_size": [
      2000,
      2000
    ],
    "crop_bbox": [
      49,
      0,
      2000,
      2000
    ],
    "full_image_name": "PATEK_nab_007_01_face_q3"
  },
  "PATEK_nab_007_02": {
    "image_size": [
      1077,
      1638
    ],
    "coords_norm": {
      "top": [
        0.49396471680594245,
        0.27228327228327226
      ],
      "left": [
        0.18662952646239556,
        0.47374847374847373
      ],
      "right": [
        0.8022284122562674,
        0.47496947496947495
      ],
      "bottom": [
        0.4976787372330548,
        0.6752136752136753
      ],
      "center": [
        0.49396471680594245,
        0.47374847374847373
      ]
    },
    "original_image_size": [
      2000,
      1674
    ],
    "crop_bbox": [
      484,
      0,
      1561,
      1638
    ],
    "full_image_name": "PATEK_nab_007_02_face_q3"
  },
  "PATEK_nab_007_03": {
    "image_size": [
      1158,
      1667
    ],
    "coords_norm": {
      "top": [
        0.4369602763385147,
        0.26394721055788845
      ],
      "left": [
        0.14680483592400692,
        0.4337132573485303
      ],
      "right": [
        0.6398963730569949,
        0.4829034193161368
      ],
      "bottom": [
        0.3592400690846287,
        0.6526694661067787
      ],
      "center": [
        0.3955094991364421,
        0.4589082183563287
      ]
    },
    "original_image_size": [
      2000,
      1674
    ],
    "crop_bbox": [
      415,
      0,
      1573,
      1667
    ],
    "full_image_name": "PATEK_nab_007_03_tiltface_q2"
  },
  "PATEK_nab_007_13": {
    "image_size": [
      1214,
      1664
    ],
    "coords_norm": {
      "top": [
        0.5741350906095551,
        0.26322115384615385
      ],
      "left": [
        0.3904448105436573,
        0.484375
      ],
      "right": [
        0.841845140032949,
        0.43569711538461536
      ],
      "bottom": [
        0.6515650741350906,
        0.6580528846153846
      ],
      "center": [
        0.6128500823723229,
        0.46153846153846156
      ]
    },
    "original_image_size": [
      2000,
      1674
    ],
    "crop_bbox": [
      414,
      0,
      1628,
      1664
    ],
    "full_image_name": "PATEK_nab_007_13_tiltface_q2"
  }
}