{
  "PATEK_nab_038_02": {
    "image_size": [
      2500,
      2500
    ],
    "coords_norm": {
      "top": [
        0.636,
        0.2388
      ],
      "left": [
        0.216,
        0.3008
      ],
      "right": [
        0.6944,
        0.7172
      ],
      "bottom": [
        0.2708,
        0.78
      ],
      "center": [
        0.4524,
        0.506
      ]
    },
    "original_image_size": [
      2500,
      2500
    ],
    "crop_bbox": [
      0,
      0,
      2500,
      2500
    ],
    "full_image_name": "PATEK_nab_038_02_tiltface_q3"
  },
  "PATEK_nab_038_04": {
    "image_size": [
      2500,
      2500
    ],
    "coords_norm": {
      "top": [
        0.2716,
        0.2008
      ],
      "left": [
        0.2652,
        0.6016
      ],
      "right": [
        0.78,
        0.2816
      ],
      "bottom": [
        0.7688,
        0.6788
      ],
      "center": [
        0.52,
        0.438
      ]
    },
    "original_image_size": [
      2500,
      2500
    ],
    "crop_bbox": [
      0,
      0,
      2500,
      2500
    ],
    "full_image_name": "PATEK_nab_038_04_tiltface_q3"
  },
  "PATEK_nab_038_06": {
    "image_size": [
      2500,
      2405
    ],
    "coords_norm": {
      "top": [
        0.7672,
        0.3051975051975052
      ],
      "left": [
        0.28,
        0.22952182952182948
      ],
      "right": [
        0.6872,
        0.7401247401247402
      ],
      "bottom": [
        0.1924,
        0.6623700623700624
      ],
      "center": [
        0.4836,
        0.481912681912682
      ]
    },
    "original_image_size": [
      2500,
      2500
    ],
    "crop_bbox": [
      0,
      95,
      2500,
      2500
    ],
    "full_image_name": "PATEK_nab_038_06_tiltface_q3"
  },
  "PATEK_nab_038_09": {
    "image_size": [
      2500,
      2500
    ],
    "coords_norm": {
      "top": [
        0.5408,
        0.1444
      ],
      "left": [
        0.226,
        0.5172
      ],
      "right": [
        0.8552,
        0.4824
      ],
      "bottom": [
        0.5416,
        0.8644
      ],
      "center": [
        0.5424,
        0.5016
      ]
    },
    "original_image_size": [
      2500,
      2500
    ],
    "crop_bbox": [
      0,
      0,
      2500,
      2500
    ],
    "full_image_name": "PATEK_nab_038_09_tiltface_q3"
  },
  "PATEK_nab_038_10": {
    "image_size": [
      2500,
      2500
    ],
    "coords_norm": {
      "top": [
        0.4436,
        0.136
      ],
      "left": [
        0.1336,
        0.5072
      ],
      "right": [
        0.7488,
        0.488
      ],
      "bottom": [
        0.4324,
        0.8652
      ],
      "center": [
        0.438,
        0.4988
      ]
    },
    "original_image_size": [
      2500,
      2500
    ],
    "crop_bbox": [
      0,
      0,
      2500,
      2500
    ],
    "full_image_name": "PATEK_nab_038_10_tiltface_q3"
  },
  "PATEK_nab_038_12": {
    "image_size": [
      2452,
      2500
    ],
    "coords_norm": {
      "top": [
        0.4000815660685155,
        0.21
      ],
      "left": [
        0.28792822185970635,
        0.68
      ],
      "right": [
        0.7924143556280587,
        0.3116
      ],
      "bottom": [
        0.6920880913539967,
        0.7952
      ],
      "center": [
        0.5464926590538336,
        0.5024
      ]
    },
    "original_image_size": [
      2500,
      2500
    ],
    "crop_bbox": [
      0,
      0,
      2452,
      2500
    ],
    "full_image_name": "PATEK_nab_038_12_tiltface_q3"
  },
  "PATEK_nab_038_13": {
    "image_size": [
      2066,
      2500
    ],
    "coords_norm": {
      "top": [
        0.49322362052274926,
        0.21
      ],
      "left": [
        0.18489835430784124,
        0.46
      ],
      "right": [
        0.803484995159729,
        0.4624
      ],
      "bottom": [
        0.49322362052274926,
        0.72
      ],
      "center": [
        0.49322362052274926,
        0.4608
      ]
    },
    "original_image_size": [
      2500,
      2500
    ],
    "crop_bbox": [
      224,
      0,
      2290,
      2500
    ],
    "full_image_name": "PATEK_nab_038_13_face_q3"
  },
  "PATEK_nab_038_15": {
    "image_size": [
      2500,
      2466
    ],
    "coords_norm": {
      "top": [
        0.248,
        0.291970802919708
      ],
      "left": [
        0.2944,
        0.7019464720194647
      ],
      "right": [
        0.738,
        0.23560421735604217
      ],
      "bottom": [
        0.79,
        0.6496350364963503
      ],
      "center": [
        0.516,
        0.46715328467153283
      ]
    },
    "original_image_size": [
      2500,
      2500
    ],
    "crop_bbox": [
      0,
      34,
      2500,
      2500
    ],
    "full_image_name": "PATEK_nab_038_15_face_q3"
  }
}