{
  "PATEK_nab_029_01": {
    "image_size": [
      1140,
      1872
    ],
    "coords_norm": {
      "top": [
        0.4964912280701754,
        0.2761752136752137
      ],
      "left": [
        0.18333333333333332,
        0.4620726495726496
      ],
      "right": [
        0.8008771929824562,
        0.46955128205128205
      ],
      "bottom": [
        0.48596491228070177,
        0.6549145299145299
      ],
      "center": [
        0.49122807017543857,
        0.4658119658119658
      ]
    },
    "original_image_size": [
      1536,
      2048
    ],
    "crop_bbox": [
      208,
      66,
      1348,
      1938
    ],
    "full_image_name": "PATEK_nab_029_01_face_q3"
  },
  "PATEK_nab_029_02": {
    "image_size": [
      1269,
      1942
    ],
    "coords_norm": {
      "top": [
        0.5650118203309693,
        0.213697219361483
      ],
      "left": [
        0.23483057525610718,
        0.2698249227600412
      ],
      "right": [
        0.5894405043341213,
        0.4351184346035015
      ],
      "bottom": [
        0.26004728132387706,
        0.4886714727085479
      ],
      "center": [
        0.4105594956658786,
        0.35169927909371784
      ]
    },
    "original_image_size": [
      1536,
      2048
    ],
    "crop_bbox": [
      148,
      81,
      1417,
      2023
    ],
    "full_image_name": "PATEK_nab_029_02_tiltface_q3"
  },
  "PATEK_nab_029_04": {
    "image_size": [
      1046,
      1728
    ],
    "coords_norm": {
      "top": [
        0.491395793499044,
        0.27488425925925924
      ],
      "left": [
        0.1806883365200765,
        0.46064814814814814
      ],
      "right": [
        0.7982791586998088,
        0.4681712962962963
      ],
      "bottom": [
        0.4818355640535373,
        0.6510416666666666
      ],
      "center": [
        0.4904397705544933,
        0.46296296296296297
      ]
    },
    "original_image_size": [
      1536,
      2048
    ],
    "crop_bbox": [
      265,
      156,
      1311,
      1884
    ],
    "full_image_name": "PATEK_nab_029_04_face_q3"
  },
  "PATEK_nab_029_05": {
    "image_size": [
      1450,
      1995
    ],
    "coords_norm": {
      "top": [
        0.4675862068965517,
        0.22005012531328322
      ],
      "left": [
        0.4110344827586207,
        0.45964912280701753
      ],
      "right": [
        0.786896551724138,
        0.3047619047619048
      ],
      "bottom": [
        0.7317241379310345,
        0.5403508771929825
      ],
      "center": [
        0.6006896551724138,
        0.3804511278195489
      ]
    },
    "original_image_size": [
      1536,
      2048
    ],
    "crop_bbox": [
      0,
      53,
      1450,
      2048
    ],
    "full_image_name": "PATEK_nab_029_05_tiltface_q2"
  }
}