{
  "PATEK_nab_030_03": {
    "image_size": [
      1920,
      2024
    ],
    "coords_norm": {
      "top": [
        0.6416666666666667,
        0.14476284584980237
      ],
      "left": [
        0.09322916666666667,
        0.3616600790513834
      ],
      "right": [
        0.9979166666666667,
        0.4367588932806324
      ],
      "bottom": [
        0.45416666666666666,
        0.6689723320158103
      ],
      "center": [
        0.546875,
        0.39920948616600793
      ]
    },
    "original_image_size": [
      1920,
      2560
    ],
    "crop_bbox": [
      0,
      536,
      1920,
      2560
    ],
    "full_image_name": "PATEK_nab_030_03_tiltface_q2"
  },
  "PATEK_nab_030_07": {
    "image_size": [
      1920,
      2194
    ],
    "coords_norm": {
      "top": [
        0.7286458333333333,
        0.2757520510483136
      ],
      "left": [
        0.25,
        0.3195077484047402
      ],
      "right": [
        0.8567708333333334,
        0.7014585232452142
      ],
      "bottom": [
        0.38229166666666664,
        0.7461257976298997
      ],
      "center": [
        0.5552083333333333,
        0.5059252506836828
      ]
    },
    "original_image_size": [
      1920,
      2560
    ],
    "crop_bbox": [
      0,
      0,
      1920,
      2194
    ],
    "full_image_name": "PATEK_nab_030_07_tiltface_q3"
  },
  "PATEK_nab_030_13": {
    "image_size": [
      1112,
      1648
    ],
    "coords_norm": {
      "top": [
        0.48830935251798563,
        0.2433252427184466
      ],
      "left": [
        0.18075539568345322,
        0.4484223300970874
      ],
      "right": [
        0.7985611510791367,
        0.44235436893203883
      ],
      "bottom": [
        0.4910071942446043,
        0.6510922330097088
      ],
      "center": [
        0.49010791366906487,
        0.44660194174757284
      ]
    },
    "original_image_size": [
      1920,
      2560
    ],
    "crop_bbox": [
      462,
      510,
      1574,
      2158
    ],
    "full_image_name": "PATEK_nab_030_13_face_q2"
  }
}