{
  "PATEK_nab_044_01": {
    "image_size": [
      2500,
      2000
    ],
    "coords_norm": {
      "top": [
        0.2552,
        0.292
      ],
      "left": [
        0.3372,
        0.8045
      ],
      "right": [
        0.6652,
        0.1885
      ],
      "bottom": [
        0.7444,
        0.702
      ],
      "center": [
        0.5008,
        0.4965
      ]
    },
    "original_image_size": [
      2500,
      2000
    ],
    "crop_bbox": [
      0,
      0,
      2500,
      2000
    ],
    "full_image_name": "PATEK_nab_044_01_face_q3"
  },
  "PATEK_nab_044_04": {
    "image_size": [
      1707,
      2560
    ],
    "coords_norm": {
      "top": [
        0.4915055653192736,
        0.273828125
      ],
      "left": [
        0.1552431165787932,
        0.49609375
      ],
      "right": [
        0.8289396602226128,
        0.501171875
      ],
      "bottom": [
        0.4897480960749854,
        0.723046875
      ],
      "center": [
        0.4903339191564148,
        0.498046875
      ]
    },
    "original_image_size": [
      1707,
      2560
    ],
    "crop_bbox": [
      0,
      0,
      1707,
      2560
    ],
    "full_image_name": "PATEK_nab_044_04_face_q3"
  },
  "PATEK_nab_044_05": {
    "image_size": [
      2094,
      2000
    ],
    "coords_norm": {
      "top": [
        0.4933142311365807,
        0.1905
      ],
      "left": [
        0.1991404011461318,
        0.2715
      ],
      "right": [
        0.5257879656160457,
        0.493
      ],
      "bottom": [
        0.2445081184336198,
        0.575
      ],
      "center": [
        0.36962750716332377,
        0.384
      ]
    },
    "original_image_size": [
      2500,
      2000
    ],
    "crop_bbox": [
      203,
      0,
      2297,
      2000
    ],
    "full_image_name": "PATEK_nab_044_05_tiltface_q2"
  }
}