{
  "PATEK_nab_012_01": {
    "image_size": [
      1571,
      2284
    ],
    "coords_norm": {
      "top": [
        0.4945894334818587,
        0.28021015761821366
      ],
      "left": [
        0.18523233609166137,
        0.4912434325744308
      ],
      "right": [
        0.7931253978357734,
        0.4886164623467601
      ],
      "bottom": [
        0.4856779121578612,
        0.6992119089316988
      ],
      "center": [
        0.4907702100572883,
        0.4890542907180385
      ]
    },
    "original_image_size": [
      1920,
      2560
    ],
    "crop_bbox": [
      176,
      276,
      1747,
      2560
    ],
    "full_image_name": "PATEK_nab_012_01_face_q3"
  },
  "PATEK_nab_012_03": {
    "image_size": [
      1920,
      2409
    ],
    "coords_norm": {
      "top": [
        0.49166666666666664,
        0.21959319219593193
      ],
      "left": [
        0.3848958333333333,
        0.49232046492320464
      ],
      "right": [
        0.8223958333333333,
        0.3789954337899543
      ],
      "bottom": [
        0.73125,
        0.6479867164798672
      ],
      "center": [
        0.6098958333333333,
        0.4304690743046907
      ]
    },
    "original_image_size": [
      1920,
      2560
    ],
    "crop_bbox": [
      0,
      151,
      1920,
      2560
    ],
    "full_image_name": "PATEK_nab_012_03_tiltface_q3"
  },
  "PATEK_nab_012_04": {
    "image_size": [
      1827,
      2392
    ],
    "coords_norm": {
      "top": [
        0.5216201423097975,
        0.2491638795986622
      ],
      "left": [
        0.18555008210180624,
        0.41304347826086957
      ],
      "right": [
        0.6694033935413246,
        0.520066889632107
      ],
      "bottom": [
        0.3158182813355227,
        0.6868729096989966
      ],
      "center": [
        0.41981390257252327,
        0.4661371237458194
      ]
    },
    "original_image_size": [
      1920,
      2560
    ],
    "crop_bbox": [
      93,
      168,
      1920,
      2560
    ],
    "full_image_name": "PATEK_nab_012_04_tiltface_q3"
  }
}