{
  "PATEK_nab_017_01": {
    "image_size": [
      824,
      990
    ],
    "coords_norm": {
      "top": [
        0.4684466019417476,
        0.23636363636363636
      ],
      "left": [
        0.17354368932038836,
        0.5040404040404041
      ],
      "right": [
        0.7900485436893204,
        0.4858585858585859
      ],
      "bottom": [
        0.4975728155339806,
        0.7606060606060606
      ],
      "center": [
        0.4830097087378641,
        0.49292929292929294
      ]
    },
    "original_image_size": [
      1536,
      2048
    ],
    "crop_bbox": [
      270,
      731,
      1094,
      1721
    ],
    "full_image_name": "PATEK_nab_017_01_face_q3"
  },
  "PATEK_nab_017_03": {
    "image_size": [
      677,
      816
    ],
    "coords_norm": {
      "top": [
        0.4859675036927622,
        0.3125
      ],
      "left": [
        0.17872968980797638,
        0.5674019607843137
      ],
      "right": [
        0.8020679468242246,
        0.5612745098039216
      ],
      "bottom": [
        0.4933530280649926,
        0.8198529411764706
      ],
      "center": [
        0.4933530280649926,
        0.5674019607843137
      ]
    },
    "original_image_size": [
      1536,
      2048
    ],
    "crop_bbox": [
      376,
      655,
      1053,
      1471
    ],
    "full_image_name": "PATEK_nab_017_03_face_q3"
  }
}