{
  "image_size": [
    2400,
    2400
  ],
  "coords_norm": {
    "top": [
      0.49333333333333335,
      0.06416666666666666
    ],
    "left": [
      0.05875,
      0.5208333333333334
    ],
    "right": [
      0.9408333333333333,
      0.4925
    ],
    "bottom": [
      0.5216666666666666,
      0.9325
    ],
    "center": [
      0.5179166666666667,
      0.5033333333333333
    ]
  },
  "annotator": "unknown",
  "timestamp": "2025-12-30T09:43:02.443241+00:00"
}