{
  "image_size": [
    710,
    710
  ],
  "coords_norm": {
    "top": [
      0.49577464788732395,
      0.04507042253521127
    ],
    "left": [
      0.04225352112676056,
      0.49859154929577465
    ],
    "right": [
      0.9605633802816902,
      0.5098591549295775
    ],
    "bottom": [
      0.5084507042253521,
      0.9549295774647887
    ],
    "center": [
      0.5014084507042254,
      0.5
    ]
  },
  "annotator": "unknown",
  "timestamp": "2025-12-24T15:42:58.153686+00:00"
}