{
  "image_size": [
    865,
    865
  ],
  "coords_norm": {
    "top": [
      0.49710982658959535,
      0.03815028901734104
    ],
    "left": [
      0.04046242774566474,
      0.4936416184971098
    ],
    "right": [
      0.9514450867052023,
      0.4982658959537572
    ],
    "bottom": [
      0.4959537572254335,
      0.9468208092485549
    ],
    "center": [
      0.4959537572254335,
      0.49710982658959535
    ]
  },
  "annotator": "unknown",
  "timestamp": "2025-12-23T09:23:05.230086+00:00"
}