{
  "image_size": [
    1060,
    1060
  ],
  "coords_norm": {
    "top": [
      0.5018867924528302,
      0.0820754716981132
    ],
    "left": [
      0.10283018867924529,
      0.47735849056603774
    ],
    "right": [
      0.9009433962264151,
      0.4830188679245283
    ],
    "bottom": [
      0.4981132075471698,
      0.8745283018867924
    ],
    "center": [
      0.5018867924528302,
      0.47830188679245284
    ]
  },
  "annotator": "unknown",
  "timestamp": "2026-01-20T12:29:13.875883+00:00"
}