{
  "image_size": [
    890,
    890
  ],
  "coords_norm": {
    "top": [
      0.49775280898876406,
      0.03258426966292135
    ],
    "left": [
      0.043820224719101124,
      0.4853932584269663
    ],
    "right": [
      0.950561797752809,
      0.48764044943820223
    ],
    "bottom": [
      0.4966292134831461,
      0.9235955056179775
    ],
    "center": [
      0.4943820224719101,
      0.4797752808988764
    ]
  },
  "annotator": "unknown",
  "timestamp": "2025-12-24T15:44:04.746769+00:00"
}