{
  "image_size": [
    1470,
    1470
  ],
  "coords_norm": {
    "top": [
      0.5068027210884354,
      0.1
    ],
    "left": [
      0.10340136054421768,
      0.5040816326530613
    ],
    "right": [
      0.919047619047619,
      0.501360544217687
    ],
    "bottom": [
      0.5061224489795918,
      0.908843537414966
    ],
    "center": [
      0.5115646258503401,
      0.508843537414966
    ]
  },
  "annotator": "unknown",
  "timestamp": "2026-01-28T08:55:55.000321+00:00"
}