{
  "image_size": [
    1258,
    1260
  ],
  "coords_norm": {
    "top": [
      0.4944356120826709,
      0.014285714285714285
    ],
    "left": [
      0.008744038155802861,
      0.4992063492063492
    ],
    "right": [
      0.9817170111287759,
      0.5079365079365079
    ],
    "bottom": [
      0.4968203497615262,
      0.9896825396825397
    ],
    "center": [
      0.49523052464228934,
      0.5023809523809524
    ]
  },
  "annotator": "unknown",
  "timestamp": "2025-12-24T15:43:35.950493+00:00"
}