{
  "image_size": [
    850,
    850
  ],
  "coords_norm": {
    "top": [
      0.49411764705882355,
      0.06235294117647059
    ],
    "left": [
      0.05529411764705883,
      0.5035294117647059
    ],
    "right": [
      0.9388235294117647,
      0.4988235294117647
    ],
    "bottom": [
      0.5035294117647059,
      0.9447058823529412
    ],
    "center": [
      0.49529411764705883,
      0.5011764705882353
    ]
  },
  "annotator": "unknown",
  "timestamp": "2025-12-24T15:45:46.341450+00:00"
}