{
  "image_size": [
    1500,
    1500
  ],
  "coords_norm": {
    "top": [
      0.5006666666666667,
      0.035333333333333335
    ],
    "left": [
      0.043333333333333335,
      0.49066666666666664
    ],
    "right": [
      0.9533333333333334,
      0.49666666666666665
    ],
    "bottom": [
      0.5026666666666667,
      0.9553333333333334
    ],
    "center": [
      0.5,
      0.496
    ]
  },
  "annotator": "unknown",
  "timestamp": "2025-12-30T11:26:50.388796+00:00"
}